Workbook

Sheet Cover page
G13: SEPARATION PROCESSES (SETK 3323)
G15: SEMESTER 1 SESSION 2025/2026
F17: CORNERSTONE PROJECT
D19: TOPIC: AMINATION OF 100,000 MTA OF ETHYLENE OXIDE FOR MONOETHANOLAMINE PRODUCTION
F21: LECTURER: DR. SHUHADA ATIKA BINTI IDRUS SAIDI
G23: SECTION 1 - GROUP 2
F25: GROUP MEMBERS | I25: MATRIC NUMBER
F26: CHANG QING YIU | I26: A23KT0049
F27: CHEONG WEI XIN | I27: A23KT0051
F28: E SHAO YUAN | I28: A23KT0064
F29: YONG ZHENG ZHAO | I29: A23KT0254

Sheet Answer Table
A1: Table 1: Summary of Mass Balance and Energy Balance Table (with answers)
A2: Stream No. | B2: 1 | C2: 2 | D2: 3 | E2: 4 | F2: 5 | G2: 6 | H2: 7 | I2: 8 | J2: 9 | K2: 10 | L2: 11 | M2: 12 | N2: 13 | O2: 14 | P2: 15 | Q2: 16 | R2: 17 | S2: 18 | T2: 19 | U2: 20 | V2: 21 | X2: Components | Y2: Molecular Weight (kg/kmol)
A3: Stream | B3: Fresh Feed AM | C3: Fresh Feed EO | D3: Heater Feed AM | E3: Heater Feed EO | F3: Mixed Recycle and Fresh Feed EO | G3: Reactor Output | H3: Cooler 1 Output | I3: PS Top | J3: PS Bottom | K3: Heater 3 Output | L3: DC 1 Distillate | M3: DC 1 Bottom | N3: DC 2 Distillate | O3: DC 2 Bottom | P3: Cooler 2 Outlet | Q3: Solvent Feed | R3: Extract | S3: Raffinate | T3: DC 3 Distillate | U3: DC 3 Bottom | V3: Heated Recycle EO | X3: NH₃ (AM) | Y3: =17.031 -> 17.031
A4: From | B4: Storage Tank AM | C4: Storage Tank EO | D4: Heater 1 | E4: Heater 2 | F4: Holding Tank | G4: Reactor | H4: Cooler 1 | I4: Phase Separator | K4: Heater 3 | L4: Distillation Column 1 | N4: Distillation Column 2 | P4: Cooler 2 | Q4: Storage Tank Solvent | R4: Liquid-Liquid Extractor | T4: Distillation Column 3 | V4: Heater 4 | X4: C₂H₄O (EO) | Y4: 44.053
A5: To | B5: Heater 1 | C5: Heater 2 | D5: Reactor | E5: Holding Tank | F5: Reactor | G5: Cooler 1 | H5: Phase Separator | I5: Heater 3 | J5: Distillation Column 1 | K5: Ammonia Collection Tank | L5: Cooler 2 | M5: Distillation Column 2 | N5: By Product 1 Tank | O5: By Product 2 Tank | P5: Liquid-Liquid Extractor | Q5: Liquid-Liquid Extractor | R5: Heater 4 | S5: Distillation Column 3 | T5: Main Product Tank | U5: Solvent Collection Tank | V5: Holding Tank | X5: C₂H₇NO (MEA) | Y5: 61.083
A6: Vapour Fraction | B6: ='Heater 1'!J19 -> 1 | C6: ='Heater 2'!I27 -> 1 | D6: =Reactor!D27 -> 1 | E6: ='Holding Tank'!E23 -> 1 | F6: =Reactor!F56 -> 1 | G6: ='Cooler 1'!E20 -> 1 | H6: ='Phase Separator'!E35 -> 0.51798561 | I6: ='Heater 3'!E18 -> 1 | J6: ='Distillation Column 1 '!G29 -> 0 | K6: ='Heater 3'!O18 -> 0 | L6: ='Cooler 2'!E19 -> 1 | M6: ='Distillation Column 2'!E20 -> 0 | N6: ='Distillation Column 2'!H50 -> 0 | O6: ='Distillation Column 2'!N20 -> 0 | P6: ='Liquid-liquid Extractor '!E32 -> 0 | Q6: ='Liquid-liquid Extractor '!M29 -> 0 | R6: ='Heater 4'!J20 -> 0 | S6: ='Distillation Column 3'!E33 -> 0 | T6: ='Distillation Column 3'!H65 -> 0 | U6: ='Distillation Column 3'!L25 -> 0 | V6: ='Holding Tank'!H53 -> 1 | X6: C₄H₁₁NO₂ (DEA) | Y6: 105.136
A7: Total Mass Flowrate (kg/hr) | B7: ='Heater 1'!J3 -> 7322.0171 | C7: ='Heater 2'!I11 -> 9687.5 | D7: =Reactor!D11 -> 7322.0171 | E7: ='Holding Tank'!E7 -> 9687.5 | F7: =Reactor!F40 -> 12626.263 | G7: ='Cooler 1'!E4 -> 19948.09 | H7: ='Phase Separator'!E19 -> 19948.09 | I7: ='Heater 3'!E2 -> 4393.2102 | J7: ='Distillation Column 1 '!G13 -> 15554.88 | K7: ='Heater 3'!O2 -> 4393.2102 | L7: ='Cooler 2'!E3 -> 11588.625 | M7: ='Distillation Column 2'!E4 -> 3966.2549 | N7: ='Distillation Column 2'!H34 -> 1661.7623 | O7: ='Distillation Column 2'!N4 -> 2304.4927 | P7: ='Liquid-liquid Extractor '!E16 -> 11588.625 | Q7: ='Liquid-liquid Extractor '!M13 -> 19423.574 | R7: ='Heater 4'!J4 -> 2938.7626 | S7: ='Distillation Column 3'!E17 -> 28073.436 | T7: ='Distillation Column 3'!H49 -> 8552.776 | U7: ='Distillation Column 3'!L9 -> 19520.66 | V7: ='Holding Tank'!H37 -> 2938.7626 | X7: C₆H₁₅NO₃ (TEA) | Y7: 149.188
A8: Total Molar Flowrate (kmol/hr) | B8: ='Heater 1'!J4 -> 429.92291 | C8: ='Heater 2'!I12 -> 219.90557 | D8: =Reactor!D12 -> 429.92291 | E8: ='Holding Tank'!E8 -> 219.90557 | F8: =Reactor!F41 -> 286.61527 | G8: ='Cooler 1'!E5 -> 497.99404 | H8: ='Phase Separator'!E20 -> 497.99404 | I8: ='Heater 3'!E3 -> 257.95375 | J8: ='Distillation Column 1 '!G14 -> 240.04029 | K8: ='Heater 3'!O3 -> 257.95375 | L8: ='Cooler 2'!E4 -> 208.62009 | M8: ='Distillation Column 2'!E5 -> 31.420199 | N8: ='Distillation Column 2'!H35 -> 15.879037 | O8: ='Distillation Column 2'!N5 -> 15.541162 | P8: ='Liquid-liquid Extractor '!E17 -> 208.62009 | Q8: ='Liquid-liquid Extractor '!M14 -> 312.93014 | R8: ='Heater 4'!J5 -> 66.709705 | S8: ='Distillation Column 3'!E18 -> 454.84052 | T8: ='Distillation Column 3'!H50 -> 140.39849 | U8: ='Distillation Column 3'!L10 -> 314.44203 | V8: ='Holding Tank'!H38 -> 66.709705 | X8: C₂H₆O₂ (EG) | Y8: 62.07
A9: Components Molar Flowrate (kmol/hr)
A10: AM | B10: ='Heater 1'!J6 -> 429.92291 | D10: =Reactor!D14 -> 429.92291 | G10: ='Cooler 1'!E7 -> 257.95375 | H10: ='Phase Separator'!E22 -> 257.95375 | I10: ='Heater 3'!E5 -> 257.95375 | K10: ='Heater 3'!O5 -> 257.95375
A11: EO | C11: ='Heater 2'!I15 -> 219.90557 | E11: ='Holding Tank'!E11 -> 219.90557 | F11: =Reactor!F44 -> 286.61527 | G11: ='Cooler 1'!E8 -> 68.071127 | H11: ='Phase Separator'!E23 -> 68.071127 | J11: ='Distillation Column 1 '!G17 -> 68.071127 | L11: ='Cooler 2'!E7 -> 68.071127 | P11: ='Liquid-liquid Extractor '!E20 -> 68.071127 | R11: ='Heater 4'!J8 -> 66.709705 | S11: ='Distillation Column 3'!E21 -> 1.3614225 | T11: ='Distillation Column 3'!H53 -> 1.3614225 | V11: ='Holding Tank'!H41 -> 66.709705
A12: MEA | G12: ='Cooler 1'!E9 -> 143.30764 | H12: ='Phase Separator'!E24 -> 143.30764 | J12: ='Distillation Column 1 '!G18 -> 143.30764 | L12: ='Cooler 2'!E8 -> 140.44148 | M12: ='Distillation Column 2'!E9 -> 2.8661527 | N12: ='Distillation Column 2'!H39 -> 2.8661527 | P12: ='Liquid-liquid Extractor '!E21 -> 140.44148 | S12: ='Distillation Column 3'!E22 -> 140.44148 | T12: ='Distillation Column 3'!H54 -> 139.03707 | U12: ='Distillation Column 3'!L14 -> 1.4044148
A13: DEA | G13: ='Cooler 1'!E10 -> 10.748073 | H13: ='Phase Separator'!E25 -> 10.748073 | J13: ='Distillation Column 1 '!G19 -> 10.748073 | L13: ='Cooler 2'!E9 -> 0.10748073 | M13: ='Distillation Column 2'!E10 -> 10.640592 | N13: ='Distillation Column 2'!H40 -> 10.321374 | O13: ='Distillation Column 2'!N10 -> 0.31921776 | P13: ='Liquid-liquid Extractor '!E22 -> 0.10748073 | S13: ='Distillation Column 3'!E23 -> 0.10748073 | U13: ='Distillation Column 3'!L15 -> 0.10748073
A14: TEA | G14: ='Cooler 1'!E11 -> 17.913455 | H14: ='Phase Separator'!E26 -> 17.913455 | J14: ='Distillation Column 1 '!G20 -> 17.913455 | M14: ='Distillation Column 2'!E11 -> 17.913455 | N14: ='Distillation Column 2'!H41 -> 2.6915103 | O14: ='Distillation Column 2'!N11 -> 15.221944
A15: EG | Q15: ='Liquid-liquid Extractor '!M21 -> 312.93014 | S15: ='Distillation Column 3'!E25 -> 312.93014 | U15: ='Distillation Column 3'!L17 -> 312.93014
A16: Molar Compositions
A17: AM | B17: ='Heater 1'!J13 -> 1 | D17: =Reactor!D21 -> 1 | G17: ='Cooler 1'!E14 -> 0.51798561 | H17: ='Phase Separator'!E29 -> 0.51798561 | I17: ='Heater 3'!E12 -> 1 | K17: ='Heater 3'!O12 -> 1
A18: EO | C18: ='Heater 2'!I22 -> 1 | E18: ='Holding Tank'!E18 -> 1 | F18: =Reactor!F51 -> 1 | G18: ='Cooler 1'!E15 -> 0.13669065 | H18: ='Phase Separator'!E30 -> 0.13669065 | J18: ='Distillation Column 1 '!G24 -> 0.28358209 | L18: ='Cooler 2'!E14 -> 0.32629229 | P18: ='Liquid-liquid Extractor '!E27 -> 0.32629229 | R18: ='Heater 4'!J15 -> 1 | S18: ='Distillation Column 3'!E28 -> 0.0029931866 | T18: ='Distillation Column 3'!H60 -> 0.009696846 | V18: ='Holding Tank'!H48 -> 1
A19: MEA | G19: ='Cooler 1'!E16 -> 0.28776978 | H19: ='Phase Separator'!E31 -> 0.28776978 | J19: ='Distillation Column 1 '!G25 -> 0.59701493 | L19: ='Cooler 2'!E15 -> 0.67319251 | M19: ='Distillation Column 2'!E16 -> 0.091220068 | N19: ='Distillation Column 2'!H46 -> 0.18049915 | P19: ='Liquid-liquid Extractor '!E28 -> 0.67319251 | S19: ='Distillation Column 3'!E29 -> 0.30877082 | T19: ='Distillation Column 3'!H61 -> 0.99030315 | U19: ='Distillation Column 3'!L21 -> 0.0044663712
A20: DEA | G20: ='Cooler 1'!E17 -> 0.021582734 | H20: ='Phase Separator'!E32 -> 0.021582734 | J20: ='Distillation Column 1 '!G26 -> 0.044776119 | L20: ='Cooler 2'!E16 -> 0.00051519835 | M20: ='Distillation Column 2'!E17 -> 0.3386545 | N20: ='Distillation Column 2'!H47 -> 0.65 | O20: ='Distillation Column 2'!N17 -> 0.020540148 | P20: ='Liquid-liquid Extractor '!E29 -> 0.00051519835 | S20: ='Distillation Column 3'!E30 -> 0.0002363042 | U20: ='Distillation Column 3'!L22 -> 0.00034181412
A21: TEA | G21: ='Cooler 1'!E18 -> 0.035971223 | H21: ='Phase Separator'!E33 -> 0.035971223 | J21: ='Distillation Column 1 '!G27 -> 0.074626866 | M21: ='Distillation Column 2'!E18 -> 0.57012543 | N21: ='Distillation Column 2'!H48 -> 0.16950085 | O21: ='Distillation Column 2'!N18 -> 0.97945985
A22: EG | Q22: ='Liquid-liquid Extractor '!M28 -> 1 | S22: ='Distillation Column 3'!E32 -> 0.68799968 | U22: ='Distillation Column 3'!L24 -> 0.99519181
A23: Total Mole Fraction | B23: ='Heater 1'!J20 -> 1 | C23: ='Heater 2'!I28 -> 1 | D23: =Reactor!D28 -> 1 | E23: ='Holding Tank'!E24 -> 1 | F23: =Reactor!F57 -> 1 | G23: ='Cooler 1'!E21 -> 1 | H23: ='Phase Separator'!E36 -> 1 | I23: ='Heater 3'!E19 -> 1 | J23: ='Distillation Column 1 '!G30 -> 1 | K23: ='Heater 3'!O19 -> 1 | L23: ='Cooler 2'!E20 -> 1 | M23: ='Distillation Column 2'!E21 -> 1 | N23: ='Distillation Column 2'!H51 -> 1 | O23: ='Distillation Column 2'!N21 -> 1 | P23: ='Liquid-liquid Extractor '!E33 -> 1 | Q23: ='Liquid-liquid Extractor '!M30 -> 1 | R23: ='Heater 4'!J21 -> 1 | S23: ='Distillation Column 3'!E34 -> 1 | T23: ='Distillation Column 3'!H66 -> 1 | U23: ='Distillation Column 3'!L26 -> 1 | V23: ='Holding Tank'!H54 -> 1
A24: T (°C) | B24: ='Heater 1'!J21 -> 25 | C24: ='Heater 2'!I29 -> 25 | D24: =Reactor!D29 -> 350 | E24: ='Holding Tank'!E25 -> 350 | F24: =Reactor!F58 -> 350 | G24: ='Cooler 1'!E22 -> 350 | H24: ='Phase Separator'!E37 -> 10 | I24: ='Heater 3'!E20 -> 10 | J24: ='Distillation Column 1 '!G31 -> 10 | K24: ='Heater 3'!O20 -> 50 | L24: ='Cooler 2'!E21 -> 170 | M24: ='Distillation Column 2'!E22 -> 250 | N24: ='Distillation Column 2'!H52 -> 269 | O24: ='Distillation Column 2'!N22 -> 335 | P24: ='Liquid-liquid Extractor '!E34 -> 6 | Q24: ='Liquid-liquid Extractor '!M31 -> 6 | R24: ='Heater 4'!J22 -> 6 | S24: ='Distillation Column 3'!E35 -> 6 | T24: ='Distillation Column 3'!H67 -> 165 | U24: ='Distillation Column 3'!L27 -> 190 | V24: ='Holding Tank'!H55 -> 350
A25: P (atm) | B25: ='Heater 1'!J22 -> 1 | C25: ='Heater 2'!I30 -> 1 | D25: =Reactor!D30 -> 1 | E25: ='Holding Tank'!E26 -> 1 | F25: =Reactor!F59 -> 1 | G25: ='Cooler 1'!E23 -> 1 | H25: ='Phase Separator'!E38 -> 1 | I25: ='Heater 3'!E21 -> 1 | J25: ='Distillation Column 1 '!G32 -> 1 | K25: ='Heater 3'!O21 -> 1 | L25: ='Cooler 2'!E22 -> 1 | M25: ='Distillation Column 2'!E23 -> 1 | N25: ='Distillation Column 2'!H53 -> 1 | O25: ='Distillation Column 2'!N23 -> 1 | P25: ='Liquid-liquid Extractor '!E35 -> 1 | Q25: ='Liquid-liquid Extractor '!M32 -> 1 | R25: ='Heater 4'!J23 -> 1 | S25: ='Distillation Column 3'!E36 -> 1 | T25: ='Distillation Column 3'!H68 -> 1 | U25: ='Distillation Column 3'!L28 -> 1 | V25: ='Holding Tank'!H56 -> 1
A26: H (kJ/hr) | B26: ='Heater 1'!AA35 -> 0 | C26: ='Heater 2'!Y37 -> 0 | D26: =Reactor!T98 -> 5670422 | E26: ='Holding Tank'!S38 -> 4881461.5 | F26: =Reactor!V98 -> 6362282.8 | G26: ='Cooler 1'!R51 -> 12522338 | H26: ='Phase Separator'!T56 -> -15092871 | I26: ='Heater 3'!Z38 -> -138511.7 | J26: ='Distillation Column 1 '!U65 -> -14954359 | K26: ='Heater 3'!AB38 -> -4849643.8 | L26: ='Cooler 2'!U42 -> 2604648.3 | M26: ='Distillation Column 2'!Y64 -> -785407.13 | N26: ='Distillation Column 2'!AA64 -> -294328.48 | O26: ='Distillation Column 2'!AC64 -> 197749.9 | P26: ='Liquid-liquid Extractor '!T68 -> -11767908 | Q26: ='Liquid-liquid Extractor '!V68 -> -22289384 | R26: ='Heater 4'!T40 -> -1788296.9 | S26: ='Distillation Column 3'!W57 -> -32268995 | T26: ='Distillation Column 3'!Y57 -> -5321475.7 | U26: ='Distillation Column 3'!AA57 -> -12312097 | V26: ='Holding Tank'!U38 -> 1480821.3

Sheet Process Flow Diagram
AJ7: S8 | AQ7: S10
AG10: Total Mass Flowrate (kg/hr) | AI10: ='Heater 3'!E2 -> 4393.2102
AG11: Total Molar Flowrate (kmol/hr) | AI11: ='Heater 3'!E3 -> 257.95375 | AP11: Total Mass Flowrate (kg/hr) | AR11: ='Heater 3'!O2 -> 4393.2102
AG12: Components Molar Flowrate (kmol/hr) | AP12: Total Molar Flowrate (kmol/hr) | AR12: ='Heater 3'!O3 -> 257.95375
AG13: AM | AI13: ='Heater 3'!E5 -> 257.95375 | AP13: Components Molar Flowrate (kmol/hr)
AG14: EO | AP14: AM | AR14: ='Heater 3'!O5 -> 257.95375
AG15: MEA | AP15: EO
AG16: DEA | AP16: MEA
G17: S1 | N17: S3 | U17: S6 | AB17: S7 | AG17: TEA | AP17: DEA | BA17: S16
AG18: EG | AP18: TEA | BA18: Total Mass Flowrate (kg/hr) | BC18: ='Liquid-liquid Extractor '!M13 -> 19423.574
AG19: Molar Composition | AP19: EG | BA19: Total Molar Flowrate (kmol/hr) | BC19: ='Liquid-liquid Extractor '!M14 -> 312.93014
AG20: AM | AI20: ='Heater 3'!E12 -> 1 | AP20: Molar Composition | BA20: Components Molar Flowrate (kmol/hr)
E21: Total Mass Flowrate (kg/hr) | G21: ='Heater 1'!J3 -> 7322.0171 | L21: Total Mass Flowrate (kg/hr) | N21: =Reactor!D11 -> 7322.0171 | S21: Total Mass Flowrate (kg/hr) | U21: ='Cooler 1'!E4 -> 19948.09 | AA21: Total Mass Flowrate (kg/hr) | AC21: ='Phase Separator'!E19 -> 19948.09 | AG21: EO | AP21: AM | AR21: ='Heater 3'!O12 -> 1 | BA21: AM
E22: Total Molar Flowrate (kmol/hr) | G22: ='Heater 1'!J4 -> 429.92291 | L22: Total Molar Flowrate (kmol/hr) | N22: =Reactor!D12 -> 429.92291 | S22: Total Molar Flowrate (kmol/hr) | U22: ='Cooler 1'!E5 -> 497.99404 | AA22: Total Molar Flowrate (kmol/hr) | AC22: ='Phase Separator'!E20 -> 497.99404 | AG22: MEA | AP22: EO | BA22: EO | BQ22: S20
E23: Components Molar Flowrate (kmol/hr) | L23: Components Molar Flowrate (kmol/hr) | S23: Components Molar Flowrate (kmol/hr) | AA23: Components Molar Flowrate (kmol/hr) | AG23: DEA | AP23: MEA | BA23: MEA
E24: AM | F24: ṅ3 | G24: ='Heater 1'!J6 -> 429.92291 | L24: AM | M24: ṅ3 | N24: =Reactor!D14 -> 429.92291 | S24: AM | T24: ṅ6a | U24: ='Cooler 1'!E7 -> 257.95375 | AA24: AM | AB24: ṅ6a | AC24: ='Phase Separator'!E22 -> 257.95375 | AG24: TEA | AP24: DEA | BA24: DEA
E25: EO | L25: EO | S25: EO | T25: ṅ6b | U25: ='Cooler 1'!E8 -> 68.071127 | AA25: EO | AB25: ṅ6b | AC25: ='Phase Separator'!E23 -> 68.071127 | AG25: EG | AP25: TEA | BA25: TEA | BP25: Total Mass Flowrate (kg/hr) | BR25: ='Distillation Column 3'!L9 -> 19520.66
E26: MEA | L26: MEA | S26: MEA | T26: ṅ6c | U26: ='Cooler 1'!E9 -> 143.30764 | AA26: MEA | AB26: ṅ6c | AC26: ='Phase Separator'!E24 -> 143.30764 | AG26: Vapour Fraction | AI26: ='Heater 3'!E18 -> 1 | AP26: EG | BA26: EG | BB26: ṅ16 | BC26: ='Liquid-liquid Extractor '!M21 -> 312.93014 | BP26: Total Molar Flowrate (kmol/hr) | BR26: ='Distillation Column 3'!L10 -> 314.44203
E27: DEA | L27: DEA | S27: DEA | T27: ṅ6d | U27: ='Cooler 1'!E10 -> 10.748073 | AA27: DEA | AB27: ṅ6d | AC27: ='Phase Separator'!E25 -> 10.748073 | AG27: Total Mole Fraction | AI27: ='Heater 3'!E19 -> 1 | AP27: Vapour Fraction | AR27: ='Heater 3'!O18 -> 0 | BA27: Molar Composition | BP27: Components Molar Flowrate (kmol/hr)
E28: TEA | L28: TEA | S28: TEA | T28: ṅ6e | U28: ='Cooler 1'!E11 -> 17.913455 | AA28: TEA | AB28: ṅ6e | AC28: ='Phase Separator'!E26 -> 17.913455 | AG28: T (°C) | AI28: ='Heater 3'!E20 -> 10 | AP28: Total Mole Fraction | AR28: ='Heater 3'!O19 -> 1 | BA28: AM | BP28: AM
E29: EG | L29: EG | S29: EG | AA29: EG | AG29: P (atm) | AI29: ='Heater 3'!E21 -> 1 | AP29: T (°C) | AR29: ='Heater 3'!O20 -> 50 | BA29: EO | BP29: EO
E30: Molar Composition | L30: Molar Composition | S30: Molar Composition | AA30: Molar Composition | AG30: H (kJ/hr) | AI30: ='Heater 3'!E22 -> -138511.7 | AP30: P (atm) | AR30: ='Heater 3'!O21 -> 1 | BA30: MEA | BP30: MEA | BQ30: ṅ20a | BR30: ='Distillation Column 3'!L14 -> 1.4044148
E31: AM | G31: ='Heater 1'!$J$13 -> 1 | L31: AM | N31: =Reactor!D21 -> 1 | S31: AM | U31: ='Cooler 1'!E14 -> 0.51798561 | AA31: AM | AC31: ='Phase Separator'!E29 -> 0.51798561 | AP31: H (kJ/hr) | AR31: ='Heater 3'!O22 -> -4849643.8 | BA31: DEA | BJ31: x | BP31: DEA | BQ31: ṅ20b | BR31: ='Distillation Column 3'!L15 -> 0.10748073
E32: EO | L32: EO | S32: EO | U32: ='Cooler 1'!E15 -> 0.13669065 | AA32: EO | AC32: ='Phase Separator'!E30 -> 0.13669065 | BA32: TEA | BP32: TEA
E33: MEA | L33: MEA | S33: MEA | U33: ='Cooler 1'!E16 -> 0.28776978 | AA33: MEA | AC33: ='Phase Separator'!E31 -> 0.28776978 | BA33: EG | BC33: ='Liquid-liquid Extractor '!M28 -> 1 | BP33: EG | BQ33: ṅ20c | BR33: ='Distillation Column 3'!L17 -> 312.93014
E34: DEA | L34: DEA | S34: DEA | U34: ='Cooler 1'!E17 -> 0.021582734 | AA34: DEA | AC34: ='Phase Separator'!E32 -> 0.021582734 | BA34: Vapour Fraction | BC34: ='Liquid-liquid Extractor '!M29 -> 0 | BP34: Molar Composition
E35: TEA | L35: TEA | S35: TEA | U35: ='Cooler 1'!E18 -> 0.035971223 | AA35: TEA | AC35: ='Phase Separator'!E33 -> 0.035971223 | BA35: Total Mole Fraction | BC35: ='Liquid-liquid Extractor '!M30 -> 1 | BP35: AM
E36: EG | L36: EG | S36: EG | AA36: EG | BA36: T (°C) | BC36: ='Liquid-liquid Extractor '!M31 -> 6 | BP36: EO
E37: Vapour Fraction | G37: ='Heater 1'!$J$19 -> 1 | L37: Vapour Fraction | N37: =Reactor!D27 -> 1 | S37: Vapour Fraction | U37: ='Cooler 1'!E20 -> 1 | AA37: Vapour Fraction | AC37: ='Phase Separator'!E35 -> 0.51798561 | BA37: P (atm) | BC37: ='Liquid-liquid Extractor '!M32 -> 1 | BP37: MEA | BR37: ='Distillation Column 3'!L21 -> 0.0044663712
E38: Total Mole Fraction | G38: ='Heater 1'!$J$20 -> 1 | L38: Total Mole Fraction | N38: =Reactor!D28 -> 1 | S38: Total Mole Fraction | U38: ='Cooler 1'!E21 -> 1 | AA38: Total Mole Fraction | AC38: ='Phase Separator'!E36 -> 1 | BA38: H (kJ/hr) | BC38: ='Liquid-liquid Extractor '!M33 -> -22289384 | BP38: DEA | BR38: ='Distillation Column 3'!L22 -> 0.00034181412
E39: T (°C) | G39: ='Heater 1'!$J$21 -> 25 | L39: T (°C) | N39: =Reactor!D29 -> 350 | S39: T (°C) | U39: ='Cooler 1'!E22 -> 350 | AA39: T (°C) | AC39: ='Phase Separator'!E37 -> 10 | BP39: TEA
E40: P (atm) | G40: ='Heater 1'!$J$22 -> 1 | L40: P (atm) | N40: =Reactor!D30 -> 1 | S40: P (atm) | U40: ='Cooler 1'!E23 -> 1 | AA40: P (atm) | AC40: ='Phase Separator'!E38 -> 1 | BP40: EG | BR40: ='Distillation Column 3'!L24 -> 0.99519181
E41: H (kJ/hr) | G41: ='Heater 1'!J23 -> 0 | L41: H (kJ/hr) | N41: =Reactor!D31 -> 5670422 | S41: H (kJ/hr) | U41: ='Cooler 1'!E24 -> 12522338 | AA41: H (kJ/hr) | AC41: ='Phase Separator'!E39 -> -15092871 | AO41: S11 | AU41: S15 | BI41: S18 | BP41: Vapour Fraction | BR41: ='Distillation Column 3'!$L$25 -> 0
BP42: Total Mole Fraction | BR42: ='Distillation Column 3'!$L$26 -> 1
S43: S5 | BP43: T (°C) | BR43: ='Distillation Column 3'!$L$27 -> 190
S44: Total Mass Flowrate (kg/hr) | U44: =Reactor!F40 -> 12626.263 | AM44: Total Mass Flowrate (kg/hr) | AO44: ='Cooler 2'!$E$3 -> 11588.625 | AT44: Total Mass Flowrate (kg/hr) | AV44: ='Liquid-liquid Extractor '!E16 -> 11588.625 | BH44: Total Mass Flowrate (kg/hr) | BJ44: ='Distillation Column 3'!E17 -> 28073.436 | BP44: P (atm) | BR44: ='Distillation Column 3'!$L$28 -> 1
S45: Total Molar Flowrate (kmol/hr) | U45: =Reactor!F41 -> 286.61527 | AM45: Total Molar Flowrate (kmol/hr) | AO45: ='Cooler 2'!$E$4 -> 208.62009 | AT45: Total Molar Flowrate (kmol/hr) | AV45: ='Liquid-liquid Extractor '!E17 -> 208.62009 | BH45: Total Molar Flowrate (kmol/hr) | BJ45: ='Distillation Column 3'!E18 -> 454.84052 | BP45: H (kJ/hr) | BR45: ='Distillation Column 3'!L29 -> -12312097
S46: Components Molar Flowrate (kmol/hr) | AM46: Components Molar Flowrate (kmol/hr) | AT46: Components Molar Flowrate (kmol/hr) | BH46: Components Molar Flowrate (kmol/hr)
S47: AM | AM47: AM | AT47: AM | BH47: AM
S48: EO | T48: ṅ5 | U48: =Reactor!F44 -> 286.61527 | AM48: EO | AN48: ṅ11a | AO48: ='Cooler 2'!$E$7 -> 68.071127 | AT48: EO | AU48: ='Cooler 2'!M7 -> ṅ15a | AV48: ='Liquid-liquid Extractor '!E20 -> 68.071127 | BH48: EO | BI48: ṅ18a | BJ48: ='Distillation Column 3'!E21 -> 1.3614225
S49: MEA | AM49: MEA | AN49: ṅ11b | AO49: ='Cooler 2'!$E$8 -> 140.44148 | AT49: MEA | AU49: ='Cooler 2'!M8 -> ṅ15b | AV49: ='Liquid-liquid Extractor '!E21 -> 140.44148 | BH49: MEA | BI49: ṅ18b | BJ49: ='Distillation Column 3'!E22 -> 140.44148
S50: DEA | AM50: DEA | AN50: ṅ11c | AO50: ='Cooler 2'!$E$9 -> 0.10748073 | AT50: DEA | AU50: ='Cooler 2'!M9 -> ṅ15c | AV50: ='Liquid-liquid Extractor '!E22 -> 0.10748073 | BH50: DEA | BI50: ṅ18c | BJ50: ='Distillation Column 3'!E23 -> 0.10748073
S51: TEA | AM51: TEA | AT51: TEA | BH51: TEA
S52: EG | AM52: EG | AT52: EG | BH52: EG | BI52: ṅ18d | BJ52: ='Distillation Column 3'!E25 -> 312.93014
S53: Molar Composition | AM53: Molar Composition | AT53: Molar Composition | BA53: S17 | BH53: Molar Composition
S54: AM | AM54: AM | AT54: AM | BH54: AM
S55: EO | U55: =Reactor!F51 -> 1 | AM55: EO | AO55: ='Cooler 2'!$E$14 -> 0.32629229 | AT55: EO | AV55: ='Liquid-liquid Extractor '!E27 -> 0.32629229 | BA55: Total Mass Flowrate (kg/hr) | BC55: ='Heater 4'!$J$4 -> 2938.7626 | BH55: EO | BJ55: ='Distillation Column 3'!E28 -> 0.0029931866
S56: MEA | AM56: MEA | AO56: ='Cooler 2'!$E$15 -> 0.67319251 | AT56: MEA | AV56: ='Liquid-liquid Extractor '!E28 -> 0.67319251 | BA56: Total Molar Flowrate (kmol/hr) | BC56: ='Heater 4'!$J$5 -> 66.709705 | BH56: MEA | BJ56: ='Distillation Column 3'!E29 -> 0.30877082
S57: DEA | AM57: DEA | AO57: ='Cooler 2'!$E$16 -> 0.00051519835 | AT57: DEA | AV57: ='Liquid-liquid Extractor '!E29 -> 0.00051519835 | BA57: Components Molar Flowrate (kmol/hr) | BH57: DEA | BJ57: ='Distillation Column 3'!E30 -> 0.0002363042
S58: TEA | AM58: TEA | AT58: TEA | BA58: AM | BH58: TEA
S59: EG | AM59: EG | AT59: EG | BA59: EO | BB59: ṅ17 | BC59: ='Heater 4'!$J$8 -> 66.709705 | BH59: EG | BJ59: ='Distillation Column 3'!E32 -> 0.68799968
S60: Vapour Fraction | U60: =Reactor!F56 -> 1 | AM60: Vapour Fraction | AO60: ='Cooler 2'!$E$19 -> 1 | AT60: Vapour Fraction | AV60: ='Liquid-liquid Extractor '!E32 -> 0 | BA60: MEA | BH60: Vapour Fraction | BJ60: ='Distillation Column 3'!$E$33 -> 0
S61: Total Mole Fraction | U61: =Reactor!F57 -> 1 | AM61: Total Mole Fraction | AO61: ='Cooler 2'!$E$20 -> 1 | AT61: Total Mole Fraction | AV61: ='Liquid-liquid Extractor '!E33 -> 1 | BA61: DEA | BH61: Total Mole Fraction | BJ61: ='Distillation Column 3'!$E$34 -> 1
S62: T (°C) | U62: =Reactor!F58 -> 350 | AM62: T (°C) | AO62: ='Cooler 2'!$E$21 -> 170 | AT62: T (°C) | AV62: ='Liquid-liquid Extractor '!E34 -> 6 | BA62: TEA | BH62: T (°C) | BJ62: ='Distillation Column 3'!$E$35 -> 6 | BR62: S19
S63: P (atm) | U63: =Reactor!F59 -> 1 | AM63: P (atm) | AO63: ='Cooler 2'!$E$22 -> 1 | AT63: P (atm) | AV63: ='Liquid-liquid Extractor '!E35 -> 1 | BA63: EG | BH63: P (atm) | BJ63: ='Distillation Column 3'!$E$36 -> 1
S64: H (kJ/hr) | U64: =Reactor!F60 -> 6362282.8 | AM64: H (kJ/hr) | AO64: ='Cooler 2'!E23 -> 2604648.3 | AT64: H (kJ/hr) | AV64: ='Liquid-liquid Extractor '!E36 -> -11767908 | BA64: Molar Composition | BH64: H (kJ/hr) | BJ64: ='Distillation Column 3'!E37 -> -32268995
BA65: AM | BP65: Total Mass Flowrate (kg/hr) | BR65: ='Distillation Column 3'!H49 -> 8552.776
G66: S2 | N66: S4 | BA66: EO | BC66: ='Heater 4'!$J$15 -> 1 | BP66: Total Molar Flowrate (kmol/hr) | BR66: ='Distillation Column 3'!H50 -> 140.39849
BA67: MEA | BP67: Components Molar Flowrate (kmol/hr)
BA68: DEA | BP68: AM
BA69: TEA | BP69: EO | BQ69: ṅ18a | BR69: ='Distillation Column 3'!H53 -> 1.3614225
E70: Total Mass Flowrate (kg/hr) | G70: ='Heater 2'!I11 -> 9687.5 | L70: Total Mass Flowrate (kg/hr) | N70: ='Holding Tank'!$E$7 -> 9687.5 | AH70: S9 | BA70: EG | BP70: MEA | BQ70: ṅ18b | BR70: ='Distillation Column 3'!H54 -> 139.03707
E71: Total Molar Flowrate (kmol/hr) | G71: ='Heater 2'!I12 -> 219.90557 | L71: Total Molar Flowrate (kmol/hr) | N71: ='Holding Tank'!$E$8 -> 219.90557 | BA71: Vapour Fraction | BC71: ='Heater 4'!$J$20 -> 0 | BP71: DEA
E72: Components Molar Flowrate (kmol/hr) | L72: Components Molar Flowrate (kmol/hr) | BA72: Total Mole Fraction | BC72: ='Heater 4'!$J$21 -> 1 | BP72: TEA
E73: AM | L73: AM | R73: S21 | AF73: Total Mass Flowrate (kg/hr) | AH73: ='Distillation Column 1 '!G13 -> 15554.88 | BA73: T (°C) | BC73: ='Heater 4'!$J$22 -> 6 | BP73: EG
E74: EO | F74: ṅ2 | G74: ='Heater 2'!I15 -> 219.90557 | L74: EO | M74: ṅ4 | N74: ='Holding Tank'!$E$11 -> 219.90557 | AF74: Total Molar Flowrate (kmol/hr) | AH74: ='Distillation Column 1 '!G14 -> 240.04029 | BA74: P (atm) | BC74: ='Heater 4'!$J$23 -> 1 | BP74: Molar Composition
E75: MEA | L75: MEA | R75: Total Mass Flowrate (kg/hr) | T75: ='Holding Tank'!H37 -> 2938.7626 | AF75: Components Molar Flowrate (kmol/hr) | BA75: H (kJ/hr) | BC75: ='Heater 4'!J24 -> -1788296.9 | BP75: AM
E76: DEA | L76: DEA | R76: Total Molar Flowrate (kmol/hr) | T76: ='Holding Tank'!H38 -> 66.709705 | AF76: AM | BP76: EO | BR76: ='Distillation Column 3'!H60 -> 0.009696846
E77: TEA | L77: TEA | R77: Components Molar Flowrate (kmol/hr) | AF77: EO | AH77: ='Distillation Column 1 '!G17 -> 68.071127 | BP77: MEA | BR77: ='Distillation Column 3'!H61 -> 0.99030315
E78: EG | L78: EG | R78: AM | AF78: MEA | AH78: ='Distillation Column 1 '!G18 -> 143.30764 | BP78: DEA
E79: Molar Composition | L79: Molar Composition | R79: EO | S79: ṅ21 | T79: ='Holding Tank'!H41 -> 66.709705 | AF79: DEA | AH79: ='Distillation Column 1 '!G19 -> 10.748073 | BP79: TEA
E80: AM | L80: AM | R80: MEA | AF80: TEA | AH80: ='Distillation Column 1 '!G20 -> 17.913455 | BP80: EG
E81: EO | G81: ='Heater 2'!I22 -> 1 | L81: EO | N81: ='Holding Tank'!$E$18 -> 1 | R81: DEA | AF81: EG | BP81: Vapour Fraction | BR81: ='Distillation Column 3'!H65 -> 0
E82: MEA | L82: MEA | R82: TEA | AF82: Molar Composition | BP82: Total Mole Fraction | BR82: ='Distillation Column 3'!H66 -> 1
E83: DEA | L83: DEA | R83: EG | AF83: AM | BP83: T (°C) | BR83: ='Distillation Column 3'!H67 -> 165
E84: TEA | L84: TEA | R84: Molar Composition | AF84: EO | AH84: ='Distillation Column 1 '!G24 -> 0.28358209 | BP84: P (atm) | BR84: ='Distillation Column 3'!H68 -> 1
E85: EG | L85: EG | R85: AM | AF85: MEA | AH85: ='Distillation Column 1 '!G25 -> 0.59701493 | BP85: H (kJ/hr) | BR85: ='Distillation Column 3'!H69 -> -5321475.7
E86: Vapour Fraction | G86: ='Heater 2'!$I$27 -> 1 | L86: Vapour Fraction | N86: ='Holding Tank'!$E$23 -> 1 | R86: EO | T86: ='Holding Tank'!H48 -> 1 | AF86: DEA | AH86: ='Distillation Column 1 '!G26 -> 0.044776119
E87: Total Mole Fraction | G87: ='Heater 2'!$I$28 -> 1 | L87: Total Mole Fraction | N87: ='Holding Tank'!$E$24 -> 1 | R87: MEA | AF87: TEA | AH87: ='Distillation Column 1 '!G27 -> 0.074626866
E88: T (°C) | G88: ='Heater 2'!$I$29 -> 25 | L88: T (°C) | N88: ='Holding Tank'!$E$25 -> 350 | R88: DEA | AF88: EG
E89: P (atm) | G89: ='Heater 2'!$I$30 -> 1 | L89: P (atm) | N89: ='Holding Tank'!$E$26 -> 1 | R89: TEA | AF89: Vapour Fraction | AH89: ='Distillation Column 1 '!G29 -> 0
E90: H (kJ/hr) | G90: ='Heater 2'!I31 -> 0 | L90: H (kJ/hr) | N90: ='Holding Tank'!E27 -> 4881461.5 | R90: EG | AF90: Total Mole Fraction | AH90: ='Distillation Column 1 '!G30 -> 1
R91: Vapour Fraction | T91: ='Holding Tank'!$H$53 -> 1 | AF91: T (°C) | AH91: ='Distillation Column 1 '!G31 -> 10
R92: Total Mole Fraction | T92: ='Holding Tank'!$H$54 -> 1 | AF92: P (atm) | AH92: ='Distillation Column 1 '!G32 -> 1
R93: T (°C) | T93: ='Holding Tank'!$H$55 -> 350 | AF93: H (kJ/hr) | AH93: ='Distillation Column 1 '!G33 -> -14954359
R94: P (atm) | T94: ='Holding Tank'!$H$56 -> 1
R95: H (kJ/hr) | T95: ='Holding Tank'!H57 -> 1480821.3
AL100: S12 | BA100: S14
AK103: Total Mass Flowrate (kg/hr) | AM103: ='Distillation Column 2'!$E$4 -> 3966.2549 | AZ103: Total Mass Flowrate (kg/hr) | BB103: ='Distillation Column 2'!N4 -> 2304.4927
AK104: Total Molar Flowrate (kmol/hr) | AM104: ='Distillation Column 2'!$E$5 -> 31.420199 | AZ104: Total Molar Flowrate (kmol/hr) | BB104: ='Distillation Column 2'!N5 -> 15.541162
AK105: Components Molar Flowrate (kmol/hr) | AZ105: Components Molar Flowrate (kmol/hr)
AK106: AM | AV106: S13 | AZ106: AM
AK107: EO | AZ107: EO
AK108: MEA | AL108: ṅ12a | AM108: ='Distillation Column 2'!$E$9 -> 2.8661527 | AT108: Total Mass Flowrate (kg/hr) | AV108: ='Distillation Column 2'!H34 -> 1661.7623 | AZ108: MEA
AK109: DEA | AL109: ṅ12b | AM109: ='Distillation Column 2'!$E$10 -> 10.640592 | AT109: Total Molar Flowrate (kmol/hr) | AV109: ='Distillation Column 2'!H35 -> 15.879037 | AZ109: DEA | BA109: ṅ14a | BB109: ='Distillation Column 2'!N10 -> 0.31921776
AK110: TEA | AL110: ṅ12c | AM110: ='Distillation Column 2'!$E$11 -> 17.913455 | AT110: Components Molar Flowrate (kmol/hr) | AZ110: TEA | BA110: ṅ14b | BB110: ='Distillation Column 2'!N11 -> 15.221944
AK111: EG | AT111: AM | AZ111: EG
AK112: Molar Composition | AT112: EO | AZ112: Molar Composition
AK113: AM | AT113: MEA | AU113: ṅ13a | AV113: ='Distillation Column 2'!H39 -> 2.8661527 | AZ113: AM
AK114: EO | AT114: DEA | AU114: ṅ13b | AV114: ='Distillation Column 2'!H40 -> 10.321374 | AZ114: EO
...

Sheet Conversion 
B3: Conversion of 100,000 metric tonnes of Ethylene Oxide (EO) per year:
B5: 0.001 | C5: metric ton (tonne) | D5: = | E5: 1 | F5: kg
B6: 1 | C6: kmol C₂H₄O | D6: = | E6: 44.053 | F6: kg C₂H₄O
B7: 1 | C7: year | D7: = | E7: 330 | F7: days
B8: 1 | C8: day | D8: = | E8: 24 | F8: hours
B12: Basis: 100,000 metric tonnes of EO entering the reactor
B14: 100000 | C14: metric tonnes C₂H₄O | D14: 1 | E14: kg C₂H₄O | F14: 1 | G14: kmol C₂H₄O | H14: 1 | I14: year | J14: 1 | K14: day | L14: = | M14: =B14/(D15*F15*H15*J15) -> 286.61527 | N14: kmol/hr EO
B15: year | D15: 0.001 | E15: metric tonnes C₂H₄O | F15: 44.053 | G15: kg C₂H₄O | H15: 330 | I15: days | J15: 24 | K15: hours

Sheet Database
I2: Source: i. Textbook: Felder's Elementary Principles of Chemical Process Global Edition
I3: ii. Chemical Properties Handbook: Physical, Thermodynamic, Environmental, Transport, Safety, and Health Related Properties for Organic and Inorganic Chemicals
I4: iii. Link: https://www.chemeo.com/cid/20-170-0/Monoethanolamine
I5: iv. Link: https://www.chemeo.com/cid/30-006-1/Diethanolamine
I6: v. Link: https://www.chemeo.com/cid/64-895-8/Triethanolamine
B7: Table 1.1: Physical Properties Data | I7: vi. Link: https://webbook.nist.gov/cgi/cbook.cgi?ID=C107211&Mask=1EFF
B9: Substance | C9: Formula | D9: Symbol | E9: Mol. Wt. (g/mol) | F9: Tm (K) | G9: ∆Ĥm (kJ/mol) | H9: Tb (K) | I9: ∆Ĥv (kJ/mol) | J9: Tc (K) | K9: Pc (bar) | L9: Standard ∆Ĥf,v (kJ/mol) | M9: Standard ∆Ĥf (kJ/mol)
B10: Ammonia | C10: NH₃ | D10: AM | E10: 17.03 | F10: 195.35 | G10: 5.653 | H10: 239.72 | I10: 23.351 | J10: 405.5 | K10: 112.77473 | L10: -46.19 | M10: -67.2 (l)
B11: Ethylene oxide | C11: C₂H₄O | D11: EO | E11: 44.053 | F11: 161.45 | G11: 5.171 | H11: 283.85 | I11: Table 1.2 | J11: 469.15 | K11: 71.94 | L11: -52.63 | M11: -95.7 (l)
B12: Monoethanolamine | C12: C₂H₇NO | D12: MEA | E12: 61.084 | F12: 283.65 | G12: 10.22 | H12: 444.15 | J12: 638 | K12: 68.7 | L12: -203.05 | M12: -507.50 (l)
B13: Diethanolamine | C13: C₄H₁₁NO₂ | D13: DEA | E13: 105.1356 | F13: 301.15 | G13: 19.39 | H13: 542.04 | J13: 715 | K13: 32.7 | L13: -397.1 | M13: -493.80 (s)
B14: Triethanolamine | C14: C₆H₁₅NO₃ | D14: TEA | E14: 149.19 | F14: 294.35 | G14: 26.58 | H14: =335.4+273.15 -> 608.55 | J14: 787 | K14: 24.5 | L14: -558.3 | M14: -664.20 (l)
B15: Ethylene glycol | C15: C₂H₆O₂ | D15: EG | E15: 62.07 | F15: 260.15 | G15: 9.958 | H15: 470.35 | J15: 744.6 | K15: 46 | L15: -387.1 | M15: -451.50 (l)
B16: Therminol VP-1 | C16: 73.5% C12H10O & 26.5% C12H10 | D16: TVP | E16: =166 -> 166 | F16: - | G16: - | H16: =530.15 -> 530.15 | I16: =294.2995 -> 294.2995 | J16: - | K16: - | L16: - | M16: -
I17: (in kJ/kg)
B18: Table 1.2: Enthalpy of Vaporization Data | F18: Formula： | I18: Source: i. Chemical Properties Handbook: Physical, Thermodynamic, Environmental, Transport, Safety, and Health Related Properties for Organic and Inorganic Chemicals
B20: Substance | C20: A | D20: Tc (K) | E20: n | F20: Tmin (K) | G20: Tmax (K) | H20: Tb (K) | I20: Ĥv at Tb (kJ/ mol)
B21: Ethylene oxide | C21: 36.474 | D21: 469.15 | E21: 0.377 | F21: 160.71 | G21: 469.15 | H21: 283.85 | I21: 25.7
B22: Monoethanolamine | C22: 74.024 | D22: 638 | E22: 0.304 | F22: 283.65 | G22: 638 | H22: 444.15 | I22: 51.53
B23: Diethanolamine | C23: 103.4 | D23: 715 | E23: 0.333 | F23: 301.15 | G23: 715 | H23: 542.04 | I23: 64.46
B24: Triethanolamine | C24: 120.6 | D24: 787 | E24: 0.354 | F24: 294.35 | G24: 787 | H24: =335.4+273.15 -> 608.55 | I24: 70.68
B25: Ethylene glycol | C25: 88.2 | D25: 645 | E25: 0.397 | F25: 260.15 | G25: 645 | H25: 470.35 | I25: 56.9
B28: Table 1.3: Heat Capacity of Gas Data | E28: Formula: | I28: Source: i. Chemical Properties Handbook: Physical, Thermodynamic, Environmental, Transport, Safety, and Health Related Properties for Organic and Inorganic Chemicals
B30: Substance | C30: A | D30: B | E30: C | F30: D | G30: E | H30: F | I30: Tmin (K) | J30: Tmax (K)
B31: Ammonia | C31: 33.573 | D31: -0.012581 | E31: 8.8906e-05 | F31: -7.1783e-08 | G31: 1.8569e-11 | H31: - | I31: 100 | J31: 1500
B32: Ethylene oxide | C32: 30.827 | D32: =-0.0076041 -> -0.0076041 | E32: =0.00032347 -> 0.00032347 | F32: =-0.00000032747 -> -3.2747e-07 | G32: =0.000000000097271 -> 9.7271e-11 | H32: - | I32: 50 | J32: 1500
B33: Monoethanolamine | C33: -0.555 | D33: 0.37003 | E33: -0.00031976 | F33: 1.5834e-07 | G33: -3.2344e-11 | H33: - | I33: 298 | J33: 1500
B34: Diethanolamine | C34: -5.264 | D34: 0.61929 | E34: -0.00049545 | F34: 2.1789e-07 | G34: -3.8987e-11 | H34: - | I34: 298 | J34: 1500
B35: Triethanolamine | C35: 37.73 | D35: 0.49155 | E35: 0.00035952 | F35: -8.2287e-07 | G35: 3.5374e-10 | H35: - | I35: 298 | J35: 1200
B36: Ethylene glycol | C36: 48.218 | D36: 0.19073 | E36: -6.6117e-05 | F36: -1.8834e-08 | G36: 1.2555e-11 | H36: - | I36: 200 | J36: 1500
B37: Therminol VP-1 (kJ/kg.K) | C37: =-5.426*(10^3) -> -5426 | D37: =62.48 -> 62.48 | E37: =-0.2532 -> -0.2532 | F37: =5.432*(10^-4) -> 0.0005432 | G37: =-5.842*(10^-7) -> -5.842e-07 | H37: =2.508*(10^-10) -> 2.508e-10 | I37: - | J37: -
B40: Table 1.4: Heat Capacity of Liquid Data | E40: Formula: | I40: Source: i. Chemical Properties Handbook: Physical, Thermodynamic, Environmental, Transport, Safety, and Health Related Properties for Organic and Inorganic Chemicals
B42: Substance | C42: A | D42: B | E42: C | F42: D | G42: Tmin | H42: Tmax | I42: Cp (J/ mol.K ) at 25°C
B43: Ammonia | C43: -182.157 | D43: 3.3618 | E43: -0.014398 | F43: 2.0371e-05 | G43: 195 | H43: 385 | I43: 80.16
B44: Ethylene oxide | C44: 35.72 | D44: 0.42908 | E44: -0.0015473 | F44: 2.407e-06 | G44: 162 | H44: 422 | I44: 89.9
B45: Monoethanolamine | C45: 23.111 | D45: 1.2283 | E45: -0.0031218 | F45: 3.0714e-06 | G45: 285 | H45: 574 | I45: 193.21
B46: Diethanolamine | C46: 76.703 | D46: 1.0821 | E46: -0.002486 | F46: 2.2497e-06 | G46: 302 | H46: 644 | I46: -
B47: Triethanolamine | C47: 179.047 | D47: 1.2436 | E47: -0.0026631 | F47: 2.3379e-06 | G47: 295 | H47: 708 | I47: 375.06
B48: Ethylene glycol | C48: 75.878 | D48: 0.64182 | E48: -0.0016493 | F48: 1.6937e-06 | G48: 261 | H48: 581 | I48: 165.52
B49: Therminol VP-1 (kJ/kg.K) | C49: 382.11 | D49: =4.342 -> 4.342 | E49: -0.00145 | F49: - | G49: - | H49: - | I49: 2.128 | J49: (in kJ/kg.K)
B51: Table 1.4: Vapour Pressure | E51: Formula: | I51: Source: i. Chemical Properties Handbook: Physical, Thermodynamic, Environmental, Transport, Safety, and Health Related Properties for Organic and Inorganic Chemicals
B54: Substance | C54: A | D54: B | E54: C | F54: D | G54: E
B55: Ammonia | C55: 37.1575 | D55: -2027.7 | E55: -11.601 | F55: 0.0074625 | G55: -9.5811e-12
B56: Ethylene oxide | C56: 39.9235 | D56: -2359.5 | E56: -12.517 | F56: 0.0069835 | G56: -1.1101e-13
B57: Monoethanolamine | C57: 72.9125 | D57: -5859.5 | E57: -21.914 | F57: -7.1511e-10 | G57: 5.9841e-06
B58: Diethanolamine | C58: 122.0877 | D58: -8842.2 | E58: -40.422 | F58: 0.014062 | G58: 1.1986e-12
B59: Triethanolamine | C59: 135.3206 | D59: -10312 | E59: -44.637 | F59: 0.014368 | G59: -1.7552e-13
B60: Ethylene glycol | C60: 82.4062 | D60: -6347.2 | E60: -25.433 | F60: -2.3732e-09 | G60: 8.7467e-06
B62: Table 1.5: Density of Liquid Data | E62: Formula: | I62: Source: i. Chemical Properties Handbook: Physical, Thermodynamic, Environmental, Transport, Safety, and Health Related Properties for Organic and Inorganic Chemicals
B64: Substance | C64: A | D64: B | E64: n | F64: Tc | G64: Tmin | H64: Tmax | I64: Density (g/mL ) at 25°C
B65: Ammonia | C65: 0.23689 | D65: 0.25471 | E65: 0.2887 | F65: 405.65 | G65: 195.41 | H65: 405.65 | I65: 0.602
B66: Ethylene oxide | C66: 0.31402 | D66: 0.26089 | E66: 0.28253 | F66: 469.15 | G66: 161.45 | H66: 469.15 | I66: 0.862
B67: Monoethanolamine | C67: 0.27149 | D67: 0.22411 | E67: 0.2015 | F67: 638 | G67: 283.65 | H67: 638 | I67: 1.014
B68: Diethanolamine | C68: 0.30126 | D68: 0.23968 | E68: 0.1892 | F68: 715 | G68: 301.15 | H68: 715 | I68: -
B69: Triethanolamine | C69: 0.31608 | D69: 0.24801 | E69: 0.2035 | F69: 787 | G69: 294.35 | H69: 787 | I69: 1.12
B70: Ethylene glycol | C70: 0.32503 | D70: 0.25499 | E70: 0.172 | F70: 645 | G70: 260.15 | H70: 645 | I70: 1.11
B72: Table 1.6: Viscosity of Liquid Data | E72: Formula: | I72: Source: i. Chemical Properties Handbook: Physical, Thermodynamic, Environmental, Transport, Safety, and Health Related Properties for Organic and Inorganic Chemicals
B74: Substance | C74: A | D74: B | E74: C | F74: D | G74: Tmin | H74: Tmax | I74: Viscosity (cp) at 25°C
B75: Ammonia | C75: -8.591 | D75: 876.4 | E75: 0.02681 | F75: -3.612e-05 | G75: 195 | H75: 406 | I75: 0.135
B76: Ethylene oxide | C76: -5.7794 | D76: 670.2 | E76: 0.015686 | F76: -1.9462e-05 | G76: 190 | H76: 469 | I76: 0.26
B77: Monoethanolamine | C77: -13.1818 | D77: 2859.6 | E77: 0.020826 | F77: -1.423e-05 | G77: 288 | H77: 638 | I77: 22.577
B78: Diethanolamine | C78: -27.9385 | D78: 5954.7 | E78: 0.04412 | F78: -2.5871e-05 | G78: 301 | H78: 715 | I78: -
B79: Triethanolamine | C79: -21.0078 | D79: 4793.5 | E79: 0.031279 | F79: -1.7784e-05 | G79: 294 | H79: 787 | I79: 652.576
B80: Ethylene glycol | C80: -16.9728 | D80: 3188.6 | E80: 0.032537 | F80: -2.448e-05 | G80: 261 | H80: 645 | I80: 17.645
B82: Table 1.6: Surface tension | E82: Formula: | I82: Source: i. Chemical Properties Handbook: Physical, Thermodynamic, Environmental, Transport, Safety, and Health Related Properties for Organic and Inorganic Chemicals
B85: Substance | C85: A | D85: Tc | E85: n | F85: Tmin | G85: Tmax | H85: σ (dyne/cm) at 25°C
B86: Ethylene oxide | C86: 74.7 | D86: 469.15 | E86: 1.141 | F86: 160.71 | G86: 469.15 | H86: 23.63
B87: Monoethanolamine | C87: 108 | D87: 638 | E87: 1.22 | F87: 283.65 | G87: 638 | H87: 50.24
B88: Diethanolamine | C88: 78.3 | D88: 715 | E88: 0.937 | F88: 301.15 | G88: 542.04 | H88: -
B89: Triethanolamine | C89: 70.106 | D89: 787 | E89: 0.92 | F89: 294.35 | G89: 787 | H89: 45.24

Sheet Reactor
F2: C₂H₄O (v) + NH₃ (v) → C₂H₇NO (v) (Main reaction) | K2: ζ₁
F3: C₂H₇NO (v) + C₂H₄O (v) → C₄H₁₁NO₂ (v) (Side reaction 1) | K3: ζ ₂
F4: C₄H₁₁NO₂ (v) + C₂H₄O (v) → C₆H₁₅NO₃ (v) (Side reaction 2) | K4: ζ ₃ | P4: Components | Q4: Molecular Weight (kg/kmol) | S4: Degree of Freedom Analysis (Extent of Reaction)
P5: NH₃ (AM) | Q5: =17.031 -> 17.031 | S5: No. unkown labeled variable = | T5: 6 | U5: ( ṅ3,ṅ5,ṅ6a,ṅ6b,ṅ6c,ṅ6d,ṅ6e)
P6: C₂H₄O (EO) | Q6: 44.053 | S6: No. independent reactions = | T6: 3 | U6: ( ζ₁ , ζ ₂ , ζ ₃ )
P7: C₂H₇NO (MEA) | Q7: 61.083 | S7: No. independent reactive species = | T7: -5 | U7: (MEA, DEA, TEA, AM, EO)
P8: C₄H₁₁NO₂ (DEA) | Q8: 105.136 | S8: No. independent non-reactive species = | T8: 0
P9: C₆H₁₅NO₃ (TEA) | Q9: 149.188 | S9: No. process specification equation = | T9: -4 | U9: Ps (① fcon EO main = 60%
P10: C₂H₆O₂ (EG) | Q10: 62.07 | U10: ② fcon EO side 1 = 10%
B11: Total Mass Flowrate (kg/hr) | D11: =Q5*D14 -> 7322.0171 | U11: ③ selectivity of MEA over TEA= 8
B12: Total Molar Flowrate (kmol/hr) | D12: =D14 -> 429.92291 | U12: ④ fexcess AM = 50% )
B13: Components Molar Flowrate (kmol/hr) | T13: =SUM(T5:T12) -> 0 | U13: can be solved
B14: AM | C14: ṅ3 | D14: =U43 -> 429.92291
B15: EO
B16: MEA | S16: Ps ①
B17: DEA | S17: fcon EO main = 60%
B18: TEA | S18: ζ₁ | T18: = | U18: =60% -> 0.6
B19: EG | S19: 286.6348
B20: Molar Composition | S20: ζ₁ | T20: = | U20: =U18*F44 -> 171.96916 | V20: kmol/hr
B21: AM | D21: =D14/$D$12 -> 1
B22: EO
B23: MEA | S23: Ps ②
B24: DEA | S24: fcon EO side 1 = 10%
B25: TEA | F25: Conversion of EO = 60% (Main reaction) | S25: ζ ₂ | T25: = | U25: =10% -> 0.1
B26: EG | F26: Conversion of EO = 10% (Side reaction 1) | S26: 286.6348
B27: Vapour Fraction | D27: 1 | F27: Selectivity of MEA over TEA = 8 kmol/kmol | S27: ζ ₂ | T27: = | U27: =U25*F44 -> 28.661527 | V27: kmol/hr
B28: Total Mole Fraction | D28: =SUM(D21) -> 1 | F28: % excess of AM = 50%
B29: T (°C) | D29: 350 | S29: Ps ③
B30: P (atm) | D30: 1 | S30: ṅ6c | T30: = | U30: 8
B31: H (kJ/hr) | D31: =T98 -> 5670422 | S31: ṅ6e
N32: S6 | S32: ṅ6c | T32: = | U32: 8ṅ6e
E33: S3 | S33: ṅ6c | T33: = | U33: 8ζ ₃ | V33: (1)
S35: Ps ④
K36: Total Mass Flowrate (kg/hr) | M36: =M39*Q5+M40*Q6+M41*Q7+Q8*M42+M43*Q9 -> 19948.09 | S36: fexcess AM = 0.5
K37: Total Molar Flowrate (kmol/hr) | M37: =SUM(M39:M43) -> 497.99404 | S37: =F44 -> 286.61527 | T37: kmol of EO fed | U37: 1 | V37: mol of AM reacted
G38: S5 | K38: Components Molar Flowrate (kmol/hr) | S38: hr | U38: 1 | V38: mol of EO reacted
K39: AM | L39: ṅ6a | M39: =U61 -> 257.95375 | S39: = | T39: =S37*(U37/U38) -> 286.61527 | U39: kmol of AM reacted / hr
D40: Total Mass Flowrate (kg/hr) | F40: =Q6*F44 -> 12626.263 | K40: EO | L40: ṅ6b | M40: =U75 -> 68.071127
D41: Total Molar Flowrate (kmol/hr) | F41: =F44 -> 286.61527 | K41: MEA | L41: ṅ6c | M41: =U48 -> 143.30764 | S41: ṅ3 - 286.6348 | T41: = | U41: =50% -> 0.5
D42: Components Molar Flowrate (kmol/hr) | K42: DEA | L42: ṅ6d | M42: =U66 -> 10.748073 | S42: =T39 -> 286.61527
D43: AM | K43: TEA | L43: ṅ6e | M43: =U70 -> 17.913455 | S43: ṅ3 | T43: = | U43: =U41*T39+T39 -> 429.92291
D44: EO | E44: ṅ5 | F44: ='Conversion '!M14 -> 286.61527 | K44: EG
D45: MEA | K45: Molar Composition | S45: MEA Balance ( in=out )
D46: DEA | K46: AM | M46: =M39/$M$37 -> 0.51798561 | S46: ζ₁ - ζ ₂ | T46: = | U46: ṅ6c
D47: TEA | K47: EO | M47: =M40/$M$37 -> 0.13669065 | S47: ṅ6c | T47: = | U47: 171.9809-28.6635
D48: EG | K48: MEA | M48: =M41/$M$37 -> 0.28776978 | S48: ṅ6c | T48: = | U48: =U20-U27 -> 143.30764 | V48: kmol/hr MEA
D49: Molar Composition | K49: DEA | M49: =M42/$M$37 -> 0.021582734
D50: AM | K50: TEA | M50: =M43/$M$37 -> 0.035971223 | S50: From (1),
D51: EO | F51: =F44/$F$41 -> 1 | K51: EG | S51: ṅ6c | T51: = | U51: 8ζ ₃
D52: MEA | K52: Vapour Fraction | M52: 1 | S52: ζ ₃ | T52: = | U52: ṅ6c
D53: DEA | K53: Total Mole Fraction | M53: =SUM(M46:M50) -> 1 | U53: 8
D54: TEA | K54: T (°C) | M54: 350 | S54: ζ ₃ | T54: = | U54: =U48 -> 143.30764
D55: EG | K55: P (atm) | M55: 1 | U55: 8
D56: Vapour Fraction | F56: 1 | K56: H (kJ/hr) | M56: =X98 -> 12522338 | S56: ζ ₃ | T56: = | U56: =U48/8 -> 17.913455 | V56: kmol/hr
D57: Total Mole Fraction | F57: =SUM(F50:F55) -> 1
D58: T (°C) | F58: 350 | S58: AM Balance ( in=out )
D59: P (atm) | F59: 1 | S59: -ζ₁ + ṅ3 | T59: = | U59: ṅ6a
D60: H (kJ/hr) | F60: =V98 -> 6362282.8 | S60: ṅ6a | T60: = | U60: 429.9522-171.9809
S61: ṅ6a | T61: = | U61: =U43-U20 -> 257.95375 | V61: kmol/hr AM
S63: DEA balance ( in=out )
S64: ζ ₂ - ζ ₃ | T64: = | U64: ṅ6d
S65: ṅ6d | T65: = | U65: 28.6635-17.9147
S66: ṅ6d | T66: = | U66: =U27-U56 -> 10.748073 | V66: kmol/hr DEA
S68: TEA balance ( in=out )
S69: ṅ6e | T69: = | U69: ζ ₃
S70: ṅ6e | T70: = | U70: =U56 -> 17.913455 | V70: kmol/hr TEA
S72: EO balance ( in=out )
S73: -ζ₁ - ζ ₂ - ζ ₃ + ṅ5 | T73: = | U73: ṅ6b
S74: ṅ6b | T74: = | U74: 286.6348-171.9809-37.3578-23.3492
S75: ṅ6b | T75: = | U75: =-U20-U27-U56+F44 -> 68.071127 | V75: kmol/hr EO
S77: Energy Balance
S78: ΔĖp + ΔĖk + ΔḢ = Q̇ + Ẇs
S80: Assumptions:
S81: 1 | T81: There is no changes in elevation of height in each unit system, ΔĖp = 0
S82: 2 | T82: There is no changes in velocity in each unit system, ΔĖk = 0
S83: 3 | T83: There is no moving parts in each unit system, Ẇs = 0
S85: Reference state: | T85: AM, EO, MEA, DEA, TEA (v, | U85: 25 | V85: °C, 1 atm )
S86: Substance | T86: Stream 3 | V86: Stream 5 | X86: Stream 6
T87: ṅ in (kmol/hr) | U87: Ĥ in (kJ/kmol) | V87: ṅ in (kmol/hr) | W87: Ĥ in (kJ/kmol) | X87: ṅ in (kmol/hr) | Y87: Ĥ out (kJ/kmol)
S88: AM (v) | T88: =D14 -> 429.92291 | U88: =U128 -> 13189.393 | V88: - | W88: - | X88: =M39 -> 257.95375 | Y88: =U144 -> 13189.393
S89: EO (v) | T89: - | U89: - | V89: =F44 -> 286.61527 | W89: =U135 -> 22197.989 | X89: =M40 -> 68.071127 | Y89: =U151 -> 22197.989
S90: MEA (v) | T90: - | U90: - | V90: - | W90: - | X90: =M41 -> 143.30764 | Y90: =U158 -> 37314.059
S91: DEA (v) | T91: - | U91: - | V91: - | W91: - | X91: =M42 -> 10.748073 | Y91: =U165 -> 62487.219
S92: TEA (v) | T92: - | U92: -
S93: EO (l) | T93: - | U93: -
S94: MEA (l) | T94: - | U94: -
S95: DEA (l) | T95: - | U95: -
S96: TEA (l) | T96: - | U96: - | V96: - | W96: - | X96: =M43 -> 17.913455 | Y96: =U172 -> 88762.104
S97: EG (v) | T97: - | U97: - | V97: - | W97: - | X97: - | Y97: -
S98: Total Enthalpy, H (kJ/hr) | T98: =(T88*U88) -> 5670422 | V98: =V89*W89 -> 6362282.8 | X98: =(X88*Y88+X89*Y89+X90*Y90+X91*Y91+X96*Y96) -> 12522338
S101: For ΔHᵣ°,1,
S102: ΔHᵣ°,1 | T102: = | U102: ∑product νᵢΔĤf°,ᵢ-∑reactants νᵢΔĤf°,ᵢ
S103: ΔHᵣ°,1 | T103: = | U103: ΔHf°,C₂H₇NO (v) | V103: - | W103: ΔHf°,C₂H₄O (v) | X103: - | Y103: ΔHf°,NH₃ (v)
S104: ΔHᵣ°,1 | T104: = | U104: =Database!$L$12 -> -203.05 | V104: - | W104: =Database!$L$11 -> -52.63 | X104: - | Y104: =Database!$L$10 -> -46.19
S105: ΔHᵣ°,1 | T105: = | U105: =(U104-W104-Y104)*1000 -> -104230 | V105: kJ/kmol
S107: For ΔHᵣ°,2,
S108: ΔHᵣ°,2 | T108: = | U108: ∑product νᵢΔĤf°,ᵢ-∑reactants νᵢΔĤf°,ᵢ
S109: ΔHᵣ°,2 | T109: = | U109: ΔHf°,C₄H₁₁NO₂ (v) | V109: - | W109: ΔHf°,C₂H₇NO (v) | X109: - | Y109: ΔHf°,C₂H₄O (v)
S110: ΔHᵣ°,2 | T110: = | U110: =Database!$L$13 -> -397.1 | V110: - | W110: =Database!$L$12 -> -203.05 | X110: - | Y110: =Database!$L$11 -> -52.63
S111: ΔHᵣ°,2 | T111: = | U111: =(U110-W110-Y110)*1000 -> -141420 | V111: kJ/kmol
...

Sheet Cooler 1
Q3: Components | R3: Molecular Weight (kg/kmol) | T3: Degree of Freedom Analysis
C4: Total Mass Flowrate (kg/hr) | E4: =E7*R4+E8*R5+E9*R6+E10*R7+E11*R8 -> 19948.09 | L4: Total Mass Flowrate (kg/hr) | N4: =N7*R4+N8*R5+N9*R6+N10*R7+N11*R8 -> 19948.09 | Q4: NH₃ (AM) | R4: =17.031 -> 17.031 | T4: No. unkown labeled variable = | U4: 5 | V4: (ṅ7a, ṅ7b, ṅ7c, ṅ7d, ṅ7e)
C5: Total Molar Flowrate (kmol/hr) | E5: =SUM(E7:E12) -> 497.99404 | L5: Total Molar Flowrate (kmol/hr) | N5: =SUM(N7:N11) -> 497.99404 | Q5: C₂H₄O (EO) | R5: 44.053 | T5: No. material balance spesies = | U5: -5 | V5: (AM, EO, MEA, DEA, TEA)
C6: Components Molar Flowrate (kmol/hr) | L6: Components Molar Flowrate (kmol/hr) | Q6: C₂H₇NO (MEA) | R6: 61.083 | T6: No. process specification equation = | U6: 0 | V6: Ps
C7: AM | D7: ṅ6a | E7: =Reactor!M39 -> 257.95375 | L7: AM | M7: ṅ7a | N7: =V11 -> 257.95375 | Q7: C₄H₁₁NO₂ (DEA) | R7: 105.136 | U7: =SUM(U4:U6) -> 0 | V7: can be solved
C8: EO | D8: ṅ6b | E8: =Reactor!M40 -> 68.071127 | L8: EO | M8: ṅ7b | N8: =V15 -> 68.071127 | Q8: C₆H₁₅NO₃ (TEA) | R8: 149.188
C9: MEA | D9: ṅ6c | E9: =Reactor!M41 -> 143.30764 | L9: MEA | M9: ṅ7c | N9: =V19 -> 143.30764 | Q9: C₂H₆O₂ (EG) | R9: 62.07 | T9: AM Balance ( in=out )
C10: DEA | D10: ṅ6d | E10: =Reactor!M42 -> 10.748073 | L10: DEA | M10: ṅ7d | N10: =V23 -> 10.748073 | T10: ṅ6a | U10: = | V10: ṅ7a
C11: TEA | D11: ṅ6e | E11: =Reactor!M43 -> 17.913455 | L11: TEA | M11: ṅ7e | N11: =V27 -> 17.913455 | T11: ṅ7a | U11: = | V11: =E7 -> 257.95375 | W11: kmol / hr AM
C12: EG | L12: EG
C13: Molar Composition | L13: Molar Composition | T13: EO Balance (in=out )
C14: AM | E14: =E7/$E$5 -> 0.51798561 | L14: AM | N14: =N7/$N$5 -> 0.51798561 | T14: ṅ6b | U14: = | V14: ṅ7b
C15: EO | E15: =E8/$E$5 -> 0.13669065 | L15: EO | N15: =N8/$N$5 -> 0.13669065 | T15: ṅ7b | U15: = | V15: =E8 -> 68.071127 | W15: kmol / hr EO
C16: MEA | E16: =E9/$E$5 -> 0.28776978 | L16: MEA | N16: =N9/$N$5 -> 0.28776978
C17: DEA | E17: =E10/$E$5 -> 0.021582734 | L17: DEA | N17: =N10/$N$5 -> 0.021582734 | T17: MEA Balance ( in=out )
C18: TEA | E18: =E11/$E$5 -> 0.035971223 | L18: TEA | N18: =N11/$N$5 -> 0.035971223 | T18: ṅ6c | U18: = | V18: ṅ7c
C19: EG | L19: EG | T19: ṅ7c | U19: = | V19: =E9 -> 143.30764 | W19: kmol / hr MEA
C20: Vapour Fraction | E20: 1 | L20: Vapour Fraction | N20: =N14 -> 0.51798561
C21: Total Mole Fraction | E21: =SUM(E14:E19) -> 1 | L21: Total Mole Fraction | N21: =SUM(N14:N19) -> 1 | T21: DEA Balance ( in=out )
C22: T (°C) | E22: 350 | L22: T (°C) | N22: ='Answer Table'!H24 -> 10 | T22: ṅ6d | U22: = | V22: ṅ7d
C23: P (atm) | E23: 1 | L23: P (atm) | N23: ='Answer Table'!H25 -> 1 | T23: ṅ7d | U23: = | V23: =E10 -> 10.748073 | W23: kmol / hr DEA
C24: H (kJ/hr) | E24: =R51 -> 12522338 | L24: H (kJ/hr) | N24: =T51 -> -15092871
B25: S6 | O25: S7 | T25: TEA Balance ( in=out )
T26: ṅ6e | U26: = | V26: ṅ7e
T27: ṅ7e | U27: = | V27: =E11 -> 17.913455 | W27: kmol / hr TEA
Q30: Energy Balance
Q31: ΔĖp + ΔĖk + ΔḢ = Q̇ + Ẇs
Q33: Assumptions:
Q34: 1 | R34: There is no changes in elevation of height in each unit system, ΔĖp = 0
Q35: 2 | R35: There is no changes in velocity in each unit system, ΔĖk = 0
Q36: 3 | R36: There is no moving parts in each unit system, Ẇs = 0
Q38: Reference state: | R38: AM,EO,MEA,DEA,TEA,(v, | T38: 25 | U38: °C, 1 atm)
Q39: Substance | R39: Stream 6 | T39: Stream 7
R40: ṅ in (kmol/hr) | S40: Ĥ in (kJ/kmol) | T40: ṅ out (kmol/hr) | U40: Ĥ out (kJ/kmol)
Q41: AM (v） | R41: =E7 -> 257.95375 | S41: =S60 -> 13189.393 | T41: =N7 -> 257.95375 | U41: =S96 -> -536.96332
Q42: EO (v） | R42: =E8 -> 68.071127 | S42: =S67 -> 22197.989 | T42: - | U42: -
Q43: MEA (v） | R43: =E9 -> 143.30764 | S43: =S74 -> 37314.059 | T43: - | U43: -
Q44: DEA (v) | R44: =E10 -> 10.748073 | S44: =S81 -> 62487.219 | T44: - | U44: -
Q45: TEA (v) | R45: =E11 -> 17.913455 | S45: =S88 -> 88762.104 | T45: - | U45: -
Q46: EO (l) | R46: - | S46: - | T46: =N8 -> 68.071127 | U46: =S118 -> -26456.981
Q47: MEA (l） | R47: - | S47: - | T47: =N9 -> 143.30764 | U47: =S140 -> -69971.535
Q48: DEA (l） | R48: - | S48: - | T48: =N10 -> 10.748073 | U48: =S162 -> -87512.992
Q49: TEA (l) | R49: - | S49: - | T49: =N11 -> 17.913455 | U49: =S184 -> -121994.98
Q50: EG (v) | R50: - | S50: - | T50: - | U50: -
Q51: Total Enthalpy, H (kJ/hr) | R51: =R41*S41+R42*S42+R43*S43+R44*S44+R45*S45 -> 12522338 | T51: =T41*U41+T46*U46+T47*U47+T48*U48+T49*U49 -> -15092871
R54: Ĥ1
Q55: NH₃ (v, 298.15K, 1atm) | S55: NH₃ (v, 623.15, 1atm)
Q58: From Database, Table 1.3, at 623.15K,
Q59: Ĥ1 | R59: =
Q60: Ĥ1 | R60: = | S60: =(Database!$C$31*(($E$22+273.15)-($T$38+273.15)))+(((Database!$D$31)*(($E$22+273.15)^2-($T$38+273.15)^2))/2)+((Database!$E$31*(($E$22+273.15)^3-($T$38+273.15)^3))/3)+((Database!$F$31*(($E$22+273.15)^4-($T$38+273.15)^4))/4)+((Database!$G$31)*(($E$22+273.15)^(5)-($T$38+273.15)^5))/5 -> 13189.393 | T60: kJ/kmol
R62: Ĥ2
Q63: C₂H₄O(v,298.15K,1atm) | S63: C₂H₄O(v,623.15K,1atm)
Q65: From Database, Table 1.3, at 623.15K,
Q66: Ĥ2 | R66: =
Q67: Ĥ2 | R67: = | S67: =(Database!$C$32*(($E$22+273.15)-($T$38+273.15)))+(((Database!$D$32)*(($E$22+273.15)^2-($T$38+273.15)^2))/2)+((Database!$E$32*(($E$22+273.15)^3-($T$38+273.15)^3))/3)+((Database!$F$32*(($E$22+273.15)^4-($T$38+273.15)^4))/4)+((Database!$G$32)*(($E$22+273.15)^(5)-($T$38+273.15)^5))/5 -> 22197.989 | T67: kJ/kmol
R69: Ĥ3
Q70: C₂H₇NO (v,298.15K,1atm) | S70: C₂H₇NO (v,623.15K,1atm)
Q72: From Database, Table 1.3, at 623.15K,
Q73: Ĥ3 | R73: =
Q74: Ĥ3 | R74: = | S74: =(Database!$C$33*(($E$22+273.15)-($T$38+273.15)))+(((Database!$D$33)*(($E$22+273.15)^2-($T$38+273.15)^2))/2)+((Database!$E$33*(($E$22+273.15)^3-($T$38+273.15)^3))/3)+((Database!$F$33*(($E$22+273.15)^4-($T$38+273.15)^4))/4)+((Database!$G$33)*(($E$22+273.15)^(5)-($T$38+273.15)^5))/5 -> 37314.059 | T74: kJ/kmol
R76: Ĥ4
Q77: C₄H₁₁NO₂ (v,298.15K,1atm) | S77: C₄H₁₁NO₂ (v,623.15K,1atm)
Q79: From Database, Table 1.3, at 623.15K,
Q80: Ĥ4 | R80: =
Q81: Ĥ4 | R81: = | S81: =(Database!$C$34*(($E$22+273.15)-($T$38+273.15)))+(((Database!$D$34)*(($E$22+273.15)^2-($T$38+273.15)^2))/2)+((Database!$E$34*(($E$22+273.15)^3-($T$38+273.15)^3))/3)+((Database!$F$34*(($E$22+273.15)^4-($T$38+273.15)^4))/4)+((Database!$G$34)*(($E$22+273.15)^(5)-($T$38+273.15)^5))/5 -> 62487.219 | T81: kJ/kmol
R83: Ĥ5
Q84: C₆H₁₅NO₃ (v,298.15K,1atm) | S84: C₆H₁₅NO₃ (v,623.15K,1atm)
Q86: From Database, Table 1.3, at 623.15K,
Q87: Ĥ5 | R87: =
Q88: Ĥ5 | R88: = | S88: =(Database!$C$35*(($E$22+273.15)-($T$38+273.15)))+(((Database!$D$35)*(($E$22+273.15)^2-($T$38+273.15)^2))/2)+((Database!$E$35*(($E$22+273.15)^3-($T$38+273.15)^3))/3)+((Database!$F$35*(($E$22+273.15)^4-($T$38+273.15)^4))/4)+((Database!$G$35)*(($E$22+273.15)^(5)-($T$38+273.15)^5))/5 -> 88762.104 | T88: kJ/kmol
R91: Ĥ6
Q92: NH₃ (v,298.15K,1atm) | S92: NH₃ (v,283.15,1atm)
Q94: From Database, Table 1.3, at 283.15K,
Q95: Ĥ6 | R95: =
Q96: Ĥ6 | R96: = | S96: =(Database!$C$31*(($N$22+273.15)-($T$38+273.15)))+(((Database!$D$31)*(($N$22+273.15)^2-($T$38+273.15)^2))/2)+((Database!$E$31*(($N$22+273.15)^3-($T$38+273.15)^3))/3)+((Database!$F$31*(($N$22+273.15)^4-($T$38+273.15)^4))/4)+((Database!$G$31)*(($N$22+273.15)^(5)-($T$38+273.15)^5))/5 -> -536.96332 | T96: kJ/kmol
S98: Ĥ7
Q99: C₂H₄O (v,298.15K,1atm) | U99: C₂H₄O(l,283.15K,1atm)
R101: Ĥ7a | T101: Ĥ7c
R103: C₂H₄O(v,283.85K,1atm) | S103: Ĥ7b | T103: C₂H₄O(l,283.85K,1atm)
Q105: From Database, Table 1.3, at 283.85K,
Q106: Ĥ7a | R106: =
Q107: Ĥ7a | R107: = | S107: =(Database!$C$32*((Database!$H$11)-($T$38+273.15)))+(((Database!$D$32)*((Database!$H$11)^2-($T$38+273.15)^2))/2)+((Database!$E$32*((Database!$H$11)^3-($T$38+273.15)^3))/3)+((Database!$F$32*((Database!$H$11)^4-($T$38+273.15)^4))/4)+((Database!$G$32)*((Database!$H$11)^(5)-($T$38+273.15)^5))/5 -> -695.4862
Q109: From Database, Table 1.1, at 283.85K,
Q110: Ĥ7b | R110: = | S110: -ΔĤv,C₂H₄O
Q111: Ĥ7b | R111: = | S111: =Database!$I$21*1000*-1 -> -25700 | T111: kJ/kmol
Q113: From Database, Table 1.4, at 283.15K,
Q114: Ĥ7c | R114: =
Q115: Ĥ7c | R115: = | S115: =Database!$C$44*(($N$22+273.15)-(Database!$H$11))+((Database!$D$44*(($N$22+273.15)^2-(Database!$H$11)^2))/2)+((Database!$E$44*(($N$22+273.15)^3-(Database!$H$11)^3))/3)+((Database!$F$44*(($N$22+273.15)^4-(Database!$H$11)^4))/4) -> -61.494297 | T115: kJ/kmol
Q117: Ĥ7 | R117: = | S117: Ĥ7a | T117: + | U117: Ĥ7b | V117: + | W117: Ĥ7c
Q118: Ĥ7 | R118: = | S118: =S115+S111+S107 -> -26456.981 | T118: kJ/kmol
S120: Ĥ8
Q121: C₂H₇NO (v,298.15K,1atm) | U121: C₂H₇NO (l,283.15K,1atm)
Q123: Ĥ8a | T123: Ĥ8c
R125: C₂H₇NO (v,444.15K,1atm) | S125: Ĥ8b | T125: C₂H₇NO (l,444.15K,1atm)
Q127: From Database, Table 1.3, at 444.15K,
Q128: Ĥ8a | R128: =
Q129: Ĥ8a | R129: = | S129: =(Database!$C$33*((Database!$H$12)-($T$38+273.15)))+(((Database!$D$33)*((Database!$H$12)^2-($T$38+273.15)^2))/2)+((Database!$E$33*((Database!$H$12)^3-($T$38+273.15)^3))/3)+((Database!$F$33*((Database!$H$12)^4-($T$38+273.15)^4))/4)+((Database!$G$33)*((Database!$H$12)^(5)-($T$38+273.15)^5))/5 -> 14587.315
Q131: From Database, Table 1.1, at 444.15K,
Q132: Ĥ8b | R132: = | S132: -ΔĤv,C₂H₇NO
Q133: Ĥ8b | R133: = | S133: =Database!$I$22*1000*-1 -> -51530 | T133: kJ/kmol
...

Sheet Phase Separator
J2: Total Mass Flowrate (kg/hr) | L2: =L5*Q5 -> 4393.2102
J3: Total Molar Flowrate (kmol/hr) | L3: =SUM(L5:L10) -> 257.95375
J4: Components Molar Flowrate (kmol/hr) | P4: Components | Q4: Molecular Weight (kg/kmol) | S4: Degree of Freedom Analysis
J5: AM | K5: ṅ8 | L5: =U13 -> 257.95375 | P5: NH₃ (AM) | Q5: =17.031 -> 17.031 | S5: No. unkown labeled variable = | T5: 5 | U5: (ṅ8, ṅ9a, ṅ9b, ṅ9c, ṅ9d)
J6: EO | P6: C₂H₄O (EO) | Q6: 44.053 | S6: No. material balance spesies = | T6: -5 | U6: (AM, EO, MEA, DEA, TEA)
J7: MEA | P7: C₂H₇NO (MEA) | Q7: 61.083 | S7: No. process specification equation = | T7: 0 | U7: Ps
J8: DEA | P8: C₄H₁₁NO₂ (DEA) | Q8: 105.136 | T8: =SUM(T5:T7) -> 0 | U8: can be solved
J9: TEA | P9: C₆H₁₅NO₃ (TEA) | Q9: 149.188
J10: EG | P10: C₂H₆O₂ (EG) | Q10: 62.07 | S10: AM Balance ( in=out )
J11: Molar Composition | S11: ṅ7a | T11: = | U11: ṅ8
J12: AM | L12: =L5/$L$3 -> 1 | S12: =E22 -> 257.95375 | T12: = | U12: ṅ8
J13: EO | S13: ṅ8 | T13: = | U13: =S12 -> 257.95375 | V13: kmol / hr AM
J14: MEA
J15: DEA | S15: EO Balance (in=out )
J16: TEA | S16: ṅ7b | T16: = | U16: ṅ9a
J17: EG | S17: =E23 -> 68.071127 | T17: = | U17: ṅ9a
J18: Vapour Fraction | L18: 1 | S18: ṅ9a | T18: = | U18: =S17 -> 68.071127 | V18: kmol / hr EO
C19: Total Mass Flowrate (kg/hr) | E19: =E22*Q5+E23*Q6+E24*Q7+E25*Q8+E26*Q9 -> 19948.09 | J19: Total Mole Fraction | L19: =SUM(L12:L17) -> 1
C20: Total Molar Flowrate (kmol/hr) | E20: =SUM(E22:E27) -> 497.99404 | J20: T (°C) | L20: 10 | S20: MEA Balance ( in=out )
C21: Components Molar Flowrate (kmol/hr) | J21: P (atm) | L21: 1 | S21: ṅ7c | U21: ṅ9b
C22: AM | D22: ṅ7a | E22: ='Cooler 1'!N7 -> 257.95375 | J22: H (kJ/hr) | L22: =V56 -> -138511.7 | S22: =E24 -> 143.30764 | T22: = | U22: ṅ9b
C23: EO | D23: ṅ7b | E23: ='Cooler 1'!N8 -> 68.071127 | S23: ṅ9b | T23: = | U23: =S22 -> 143.30764 | V23: kmol / hr MEA
C24: MEA | D24: ṅ7c | E24: ='Cooler 1'!N9 -> 143.30764 | N24: S8
C25: DEA | D25: ṅ7d | E25: ='Cooler 1'!N10 -> 10.748073 | S25: DEA Balance ( in=out )
C26: TEA | D26: ṅ7e | E26: ='Cooler 1'!N11 -> 17.913455 | S26: ṅ7d | T26: =
C27: EG | S27: =E25 -> 10.748073 | T27: = | U27: ṅ9c
C28: Molar Composition | S28: ṅ9c | T28: = | U28: =S27 -> 10.748073 | V28: kmol / hr DEA
C29: AM | E29: =E22/$E$20 -> 0.51798561
C30: EO | E30: =E23/$E$20 -> 0.13669065 | S30: TEA Balance ( in=out )
C31: MEA | E31: =E24/$E$20 -> 0.28776978 | S31: ṅ7e | T31: = | U31: ṅ9d
C32: DEA | E32: =E25/$E$20 -> 0.021582734 | S32: =E26 -> 17.913455 | T32: = | U32: ṅ9d
C33: TEA | E33: =E26/$E$20 -> 0.035971223 | S33: ṅ9d | T33: = | U33: =S32 -> 17.913455 | V33: kmol / hr TEA
C34: EG
C35: Vapour Fraction | E35: =E29 -> 0.51798561 | S35: Energy Balance
C36: Total Mole Fraction | E36: =SUM(E29:E34) -> 1 | S36: ΔĖp + ΔĖk + ΔḢ = Q̇ + Ẇs
C37: T (°C) | E37: 10
B38: S7 | C38: P (atm) | E38: 1 | S38: Assumptions:
C39: H (kJ/hr) | E39: =T56 -> -15092871 | S39: 1 | T39: There is no changes in elevation of height in each unit system, ΔĖp = 0
S40: 2 | T40: There is no changes in velocity in each unit system, ΔĖk = 0
S41: 3 | T41: There is no moving parts in each unit system, Ẇs = 0
S43: Reference state: | T43: AM,EO,MEA,DEA,TEA (v | V43: 25 | W43: °C, 1 atm)
S44: Substance | T44: Stream 7 | V44: Stream 8 | X44: Stream 9
T45: ṅ in (kmol/hr) | U45: Ĥ in (kJ/kmol) | V45: ṅ out (kmol/hr) | W45: Ĥ out (kJ/kmol) | X45: ṅ out (kmol/hr) | Y45: Ĥ out (kJ/kmol)
S46: AM (v） | T46: =E22 -> 257.95375 | U46: =U65 -> -536.96332 | V46: =L5 -> 257.95375 | W46: =U157 -> -536.96332 | X46: - | Y46: -
S47: EO (v） | T47: - | U47: - | V47: - | W47: - | X47: - | Y47: -
S48: MEA (v) | T48: - | U48: - | V48: - | W48: - | X48: - | Y48: -
E49: Total Mass Flowrate (kg/hr) | G49: =G53*Q6+G54*Q7+G55*Q8+G56*Q9 -> 15554.88 | S49: DEA (v) | T49: - | U49: - | V49: - | W49: - | X49: - | Y49: -
E50: Total Molar Flowrate (kmol/hr) | G50: =SUM(G52:G57) -> 240.04029 | S50: TEA (v) | T50: - | U50: - | V50: - | W50: - | X50: - | Y50: -
E51: Components Molar Flowrate (kmol/hr) | S51: EO (l) | T51: =E23 -> 68.071127 | U51: =U86 -> -26456.981 | V51: - | W51: - | X51: =G53 -> 68.071127 | Y51: =U178 -> -26456.981
E52: AM | S52: MEA (l) | T52: =E24 -> 143.30764 | U52: =U107 -> -69971.535 | V52: - | W52: - | X52: =G54 -> 143.30764 | Y52: =U199 -> -69971.535
E53: EO | F53: ṅ9a | G53: =U18 -> 68.071127 | S53: DEA (l) | T53: =E25 -> 10.748073 | U53: =U128 -> -87512.992 | V53: - | W53: - | X53: =G55 -> 10.748073 | Y53: =U220 -> -87512.992
E54: MEA | F54: ṅ9b | G54: =U23 -> 143.30764 | S54: TEA (l) | T54: =E26 -> 17.913455 | U54: =U149 -> -121994.98 | V54: - | W54: - | X54: =G56 -> 17.913455 | Y54: =U241 -> -121994.98
E55: DEA | F55: ṅ9c | G55: =U28 -> 10.748073 | S55: EG (v) | T55: - | U55: - | V55: - | W55: - | X55: - | Y55: -
E56: TEA | F56: ṅ9d | G56: =U33 -> 17.913455 | S56: Total Enthalpy, H (kJ/hr) | T56: =T46*U46+T51*U51+T52*U52+T53*U53+T54*U54 -> -15092871 | V56: =V46*W46 -> -138511.7 | X56: =X51*Y51+X52*Y52+X53*Y53+X54*Y54 -> -14954359
E57: EG
E58: Molar Composition
E59: AM
E60: EO | G60: =G53/$G$50 -> 0.28358209 | T60: Ĥ1
E61: MEA | G61: =G54/$G$50 -> 0.59701493 | S61: NH₃ (v,298.15K,1atm) | U61: NH₃ (v,283.15,1atm)
E62: DEA | G62: =G55/$G$50 -> 0.044776119
E63: TEA | G63: =G56/$G$50 -> 0.074626866 | S63: From Database, Table 1.3, at 283.15K,
E64: EG | S64: Ĥ1 | T64: =
E65: Vapour Fraction | G65: 0 | S65: Ĥ1 | U65: =(Database!$C$31*(($E$37+273.15)-($V$43+273.15)))+(((Database!$D$31)*(($E$37+273.15)^2-($V$43+273.15)^2))/2)+((Database!$E$31*(($E$37+273.15)^3-($V$43+273.15)^3))/3)+((Database!$F$31*(($E$37+273.15)^4-($V$43+273.15)^4))/4)+((Database!$G$31)*(($E$37+273.15)^(5)-($V$43+273.15)^5))/5 -> -536.96332 | V65: kJ/kmol
E66: Total Mole Fraction | G66: =SUM(G59:G64) -> 1
E67: T (°C) | G67: 10 | U67: Ĥ2
E68: H (kJ/hr) | G68: =X56 -> -14954359 | S68: C₂H₄O(v,298.15K,1atm) | W68: C₂H₄O(l,283.15K,1atm)
S69: Ĥ2a | W69: Ĥ2c
T71: C₂H₄O(v,283.85K,1atm) | U71: Ĥ2b | V71: C₂H₄O(l,283.85K,1atm)
S73: From Database, Table 1.3, at 283.85K,
S74: Ĥ2a | T74: =
H75: S9 | S75: Ĥ2a | T75: = | U75: =(Database!$C$32*((Database!$H$11)-($V$43+273.15)))+(((Database!$D$32)*((Database!$H$11)^2-($V$43+273.15)^2))/2)+((Database!$E$32*((Database!$H$11)^3-($V$43+273.15)^3))/3)+((Database!$F$32*((Database!$H$11)^4-($V$43+273.15)^4))/4)+((Database!$G$32)*((Database!$H$11)^(5)-($V$43+273.15)^5))/5 -> -695.4862
S77: From Database, Table 1.1, at 283.85K,
S78: Ĥ2b | T78: = | U78: -ΔĤv,C₂H₄O
S79: Ĥ2b | T79: = | U79: =Database!$I$21*1000*-1 -> -25700 | V79: kJ/kmol
S81: From Database, Table 1.4, at 283.15K,
S82: Ĥ2c | T82: =
S83: Ĥ2c | T83: = | U83: =Database!$C$44*(($E$37+273.15)-(Database!$H$11))+((Database!$D$44*(($E$37+273.15)^2-(Database!$H$11)^2))/2)+((Database!$E$44*(($E$37+273.15)^3-(Database!$H$11)^3))/3)+((Database!$F$44*(($E$37+273.15)^4-(Database!$H$11)^4))/4) -> -61.494297 | V83: kJ/kmol
S85: Ĥ2 | T85: = | U85: Ĥ2a | V85: + | W85: Ĥ2b | X85: + | Y85: Ĥ2c
S86: Ĥ2 | T86: = | U86: =U83+U79+U75 -> -26456.981 | V86: kJ/kmol
U88: Ĥ3
S89: C₂H₇NO (v,298.15K,1atm) | W89: C₂H₇NO (l,283.15K,1atm)
S90: Ĥ3a | W90: Ĥ3c
T92: C₂H₇NO (v,444.15K,1atm) | U92: Ĥ3b | V92: C₂H₇NO (l,444.15K,1atm)
S94: From Database, Table 1.3, at 444.15K,
S95: Ĥ3a | T95: =
S96: Ĥ3a | T96: = | U96: =(Database!$C$33*((Database!$H$12)-($V$43+273.15)))+(((Database!$D$33)*((Database!$H$12)^2-($V$43+273.15)^2))/2)+((Database!$E$33*((Database!$H$12)^3-($V$43+273.15)^3))/3)+((Database!$F$33*((Database!$H$12)^4-($V$43+273.15)^4))/4)+((Database!$G$33)*((Database!$H$12)^(5)-($V$43+273.15)^5))/5 -> 14587.315
S98: From Database, Table 1.1, at 444.15K,
S99: Ĥ3b | T99: = | U99: -ΔĤv,C₂H₇NO
S100: Ĥ3b | T100: = | U100: =Database!$I$22*1000*-1 -> -51530 | V100: kJ/kmol
S102: From Database, Table 1.4, at 283.15K,
S103: Ĥ3c | T103: =
S104: Ĥ3c | T104: = | U104: =Database!$C$45*(($E$37+273.15)-(Database!$H$12))+((Database!$D$45*(($E$37+273.15)^2-(Database!$H$12)^2))/2)+((Database!$E$45*(($E$37+273.15)^3-(Database!$H$12)^3))/3)+((Database!$F$45*(($E$37+273.15)^4-(Database!$H$12)^4))/4) -> -33028.85 | V104: kJ/kmol
S106: Ĥ3 | T106: = | U106: Ĥ3a | V106: + | W106: Ĥ3b | X106: + | Y106: Ĥ3c
S107: Ĥ3 | T107: = | U107: =U104+U100+U96 -> -69971.535 | V107: kJ/kmol
U109: Ĥ4
S110: C₄H₁₁NO₂ (v,298.15K,1atm) | W110: C₄H₁₁NO₂ (l,283.15K,1atm)
S111: Ĥ4a
W112: Ĥ4c
T113: C₄H₁₁NO₂ (v,542.04K,1atm) | V113: C₄H₁₁NO₂ (l,542.04K,1atm)
U114: Ĥ4b
...

Sheet Heater 3
C2: Total Mass Flowrate (kg/hr) | E2: =E5*W7 -> 4393.2102 | M2: Total Mass Flowrate (kg/hr) | O2: =O5*W7 -> 4393.2102
C3: Total Molar Flowrate (kmol/hr) | E3: =SUM(E5:E10) -> 257.95375 | M3: Total Molar Flowrate (kmol/hr) | O3: =SUM(O5:O10) -> 257.95375
C4: Components Molar Flowrate (kmol/hr) | M4: Components Molar Flowrate (kmol/hr)
C5: AM | D5: ṅ8 | E5: ='Phase Separator'!L5 -> 257.95375 | M5: AM | N5: ṅ10 | O5: =AA14 -> 257.95375
C6: EO | M6: EO | V6: Components | W6: Molecular Weight (kg/kmol) | Y6: Degree of Freedom Analysis
C7: MEA | M7: MEA | V7: NH₃ (AM) | W7: =17.031 -> 17.031 | Y7: No. unkown labeled variable = | Z7: 1 | AA7: (ṅ10)
C8: DEA | M8: DEA | V8: C₂H₄O (EO) | W8: 44.053 | Y8: No. material balance spesies = | Z8: -1 | AA8: (AM)
C9: TEA | M9: TEA | V9: C₂H₇NO (MEA) | W9: 61.083 | Y9: No. process specification equation = | Z9: 0 | AA9: Ps
C10: EG | M10: EG | V10: C₄H₁₁NO₂ (DEA) | W10: 105.136 | Z10: =SUM(Z7:Z9) -> 0 | AA10: can be solved
C11: Molar Composition | M11: Molar Composition | V11: C₆H₁₅NO₃ (TEA) | W11: 149.188
C12: AM | E12: =E5/$E$3 -> 1 | M12: AM | O12: =O5/$O$3 -> 1 | V12: C₂H₆O₂ (EG) | W12: 62.07 | Y12: AM Balance ( in=out )
C13: EO | M13: EO | Y13: =E5 -> 257.95375 | AA13: ṅ10
C14: MEA | M14: MEA | Y14: ṅ10 | Z14: = | AA14: =Y13 -> 257.95375 | AB14: kmol/hr AM
C15: DEA | M15: DEA
C16: TEA | M16: TEA | Y16: Energy Balance
C17: EG | M17: EG | Y17: ΔĖp + ΔĖk + ΔḢ = Q̇ + Ẇs
C18: Vapour Fraction | E18: 1 | M18: Vapour Fraction | O18: 0
C19: Total Mole Fraction | E19: =SUM(E12:E17) -> 1 | M19: Total Mole Fraction | O19: =SUM(O12:O17) -> 1 | Y19: Assumptions:
C20: T (°C) | E20: 10 | M20: T (°C) | O20: 50 | Y20: 1 | Z20: There is no changes in elevation of height in each unit system, ΔĖp = 0
C21: P (atm) | E21: 1 | M21: P (atm) | O21: 1 | Y21: 2 | Z21: There is no changes in velocity in each unit system, ΔĖk = 0
C22: H (kJ/hr) | E22: =Z38 -> -138511.7 | M22: H (kJ/hr) | O22: =AB38 -> -4849643.8 | Y22: 3 | Z22: There is no moving parts in each unit system, Ẇs = 0
P23: S10
B24: S8 | Y24: Reference state: | Z24: AM(v, | AB24: 25 | AC24: °C, 1 atm)
Y25: Substance | Z25: Stream 8 | AB25: Stream 10
Z26: ṅ in (kmol/hr) | AA26: Ĥ in (kJ/kmol) | AB26: ṅ out (kmol/hr) | AC26: Ĥ out (kJ/kmol)
Y27: AM (v) | Z27: =E5 -> 257.95375 | AA27: =AA46 -> -536.96332 | AB27: - | AC27: -
Y28: EO (v) | Z28: - | AA28: - | AB28: - | AC28: -
Y29: MEA (v) | Z29: - | AA29: - | AB29: - | AC29: -
Y30: DEA (v) | Z30: - | AA30: - | AB30: - | AC30: -
Y31: TEA (v) | Z31: - | AA31: - | AB31: - | AC31: -
Y32: AM (l) | Z32: - | AA32: - | AB32: =O5 -> 257.95375 | AC32: =AA68 -> -18800.44
Y33: EO (l) | Z33: - | AA33: - | AB33: - | AC33: -
Y34: MEA (l) | Z34: - | AA34: - | AB34: - | AC34: -
Y35: DEA (l) | Z35: - | AA35: - | AB35: - | AC35: -
Y36: TEA (l) | Z36: - | AA36: - | AB36: - | AC36: -
Y37: EG (v) | Z37: - | AA37: - | AB37: - | AC37: -
Y38: Total Enthalpy, H (kJ/hr) | Z38: =Z27*AA27 -> -138511.7 | AB38: =AB32*AC32 -> -4849643.8
Z41: Ĥ1
Y42: NH₃ (v,298.15K,1atm) | AB42: NH₃ (v,283.15K,1atm)
Y44: From Database, Table 1.3, at 283.15K,
Y45: Ĥ1 | Z45: =
Y46: Ĥ1 | Z46: = | AA46: =(Database!$C$31*(($E$20+273.15)-($AB$24+273.15)))+(((Database!$D$31)*(($E$20+273.15)^2-($AB$24+273.15)^2))/2)+((Database!$E$31*(($E$20+273.15)^3-($AB$24+273.15)^3))/3)+((Database!$F$31*(($E$20+273.15)^4-($AB$24+273.15)^4))/4)+((Database!$G$31)*(($E$20+273.15)^(5)-($AB$24+273.15)^5))/5 -> -536.96332 | AB46: kJ/kmol
AA49: Ĥ2
Y50: NH₃ (v,298.15,1atm) | AC50: NH₃ (l,323.15,1atm)
AC51: Ĥ2c
Y52: Ĥ2a
Z53: NH₃ (v,239.72,1atm) | AA53: Ĥ2b | AB53: NH₃ (l,239.72,1atm)
Y55: From Database, Table 1.3, at 239.72K,
Y56: Ĥ2a | Z56: =
Y57: Ĥ2a | Z57: = | AA57: =(Database!$C$31*((Database!$H$10)-($AB$24+273.15)))+(((Database!$D$31)*((Database!$H$10)^2-($AB$24+273.15)^2))/2)+((Database!$E$31*((Database!$H$10)^3-($AB$24+273.15)^3))/3)+((Database!$F$31*((Database!$H$10)^4-($AB$24+273.15)^4))/4)+((Database!$G$31)*((Database!$H$10)^(5)-($AB$24+273.15)^5))/5 -> -2064.4338 | AB57: kJ/kmol
Y59: From Database, Table 1.1, at 239.72K,
Y60: Ĥ2b | Z60: = | AA60: -ΔĤv,NH₃
Y61: Ĥ2b | Z61: = | AA61: =Database!$I$10*-1*1000 -> -23351 | AB61: kJ/kmol
Y63: From Database, Table 1.4, at 323.15K,
Y64: Ĥ2c | Z64: =
Y65: Ĥ2c | Z65: = | AA65: =Database!$C$43*((O20+273.15)-(Database!$H$10))+((Database!$D$43*((O20+273.15)^2-(Database!$H$10)^2))/2)+((Database!$E$43*((O20+273.15)^3-(Database!$H$10)^3))/3)+((Database!$F$43*((O20+273.15)^4-(Database!$H$10)^4))/4) -> 6614.9941 | AB65: kJ/kmol
Y67: Ĥ2 | Z67: = | AA67: Ĥ2a | AB67: + | AC67: Ĥ2b | AD67: + | AF67: Ĥ2c
Y68: Ĥ2 | Z68: = | AA68: =AA65+AA61+AA57 -> -18800.44 | AB68: kJ/kmol

Sheet Distillation Column 1 
M2: S11
L5: Total Mass Flowrate (kg/hr) | N5: =N9*R8+N10*R9+N11*R10 -> 11588.625
L6: Total Molar Flowrate (kmol/hr) | N6: =SUM(N8:N13) -> 208.62009 | Q6: Components | R6: Molecular Weight (kg/kmol) | T6: Degree of Freedom Analysis
L7: Components Molar Flowrate (kmol/hr) | Q7: NH₃ (AM) | R7: =17.031 -> 17.031 | T7: No. unkown labeled variable = | U7: 6 | V7: (ṅ11a, ṅ11b, ṅ11c, ṅ12a, ṅ12b, ṅ12c)
L8: AM | Q8: C₂H₄O (EO) | R8: 44.053 | T8: No. material balance spesies = | U8: -4 | V8: (EO, MEA, DEA, TEA)
L9: EO | M9: ṅ11a | N9: =V26 -> 68.071127 | Q9: C₂H₇NO (MEA) | R9: 61.083 | T9: No. process specification equation = | U9: -2 | V9: Ps (① ṅ11c is 1% DEA in S9 ② ṅ12a is 2% MEA in S9)
L10: MEA | M10: ṅ11b | N10: =V31 -> 140.44148 | Q10: C₄H₁₁NO₂ (DEA) | R10: 105.136
L11: DEA | M11: ṅ11c | N11: =V17 -> 0.10748073 | Q11: C₆H₁₅NO₃ (TEA) | R11: 149.188 | U11: =SUM(U7:U9) -> 0 | V11: can be solved
L12: TEA | Q12: C₂H₆O₂ (EG) | R12: 62.07
E13: Total Mass Flowrate (kg/hr) | G13: =G17*R8+G18*R9+G19*R10+G20*R11 -> 15554.88 | L13: EG
E14: Total Molar Flowrate (kmol/hr) | G14: =SUM(G16:G21) -> 240.04029 | L14: Molar Composition | T14: Ps ①
E15: Components Molar Flowrate (kmol/hr) | L15: AM | T15: ṅ11c is 1% DEA in S9
E16: AM | L16: EO | N16: =N9/$N$6 -> 0.32629229 | T16: 0.01(10.7488) | U16: = | V16: ṅ11c
E17: EO | F17: ṅ9a | G17: ='Phase Separator'!G53 -> 68.071127 | L17: MEA | N17: =N10/$N$6 -> 0.67319251 | T17: ṅ11c | U17: = | V17: =1%*G19 -> 0.10748073 | W17: kmol/hr DEA
E18: MEA | F18: ṅ9b | G18: ='Phase Separator'!G54 -> 143.30764 | L18: DEA | N18: =N11/$N$6 -> 0.00051519835
E19: DEA | F19: ṅ9c | G19: ='Phase Separator'!G55 -> 10.748073 | L19: TEA | T19: Ps ②
E20: TEA | F20: ṅ9d | G20: ='Phase Separator'!G56 -> 17.913455 | L20: EG | T20: ṅ12a is 2% MEA in S9
E21: EG | L21: Vapour Fraction | N21: 1 | T21: 0.02(143.3174) | U21: = | V21: ṅ12a
E22: Molar Composition | L22: Total Mole Fraction | N22: =SUM(N15:N20) -> 1 | T22: ṅ12a | U22: = | V22: =2%*G18 -> 2.8661527 | W22: kmol/hr MEA
E23: AM | L23: T (°C) | N23: 170
E24: EO | G24: =G17/$G$14 -> 0.28358209 | L24: P (atm) | N24: 1 | T24: EO Balance ( in=out)
E25: MEA | G25: =G18/$G$14 -> 0.59701493 | L25: H (kJ/hr) | N25: =W65 -> 2604648.3 | T25: =G17 -> 68.071127 | U25: = | V25: ṅ11a
E26: DEA | G26: =G19/$G$14 -> 0.044776119 | T26: ṅ11a | U26: = | V26: =T25 -> 68.071127 | W26: kmol/hr EO
E27: TEA | G27: =G20/$G$14 -> 0.074626866
E28: EG | T28: MEA Balance ( in=out )
E29: Vapour Fraction | G29: =0 -> 0 | T29: =G18 -> 143.30764 | U29: = | V29: ṅ11b | W29: + | X29: =I49 -> 2.8661527
E30: Total Mole Fraction | G30: =SUM(G23:G28) -> 1 | T30: ṅ11b | U30: = | V30: 143.3174-2.8663
E31: T (°C) | G31: 10 | T31: ṅ11b | U31: = | V31: =T29-X29 -> 140.44148 | W31: kmol/hr MEA
E32: P (atm) | G32: 1
E33: H (kJ/hr) | G33: =U65 -> -14954359 | T33: DEA Balance ( in=out )
H34: S9 | T34: =G19 -> 10.748073 | U34: = | V34: =N11 -> 0.10748073 | W34: + | X34: ṅ12b
T35: ṅ12b | U35: = | V35: 10.7488-0.1075
T36: ṅ12b | U36: = | V36: =T34-V34 -> 10.640592 | W36: kmol/hr DEA
T38: TEA Balance ( in=out )
T39: =G20 -> 17.913455 | U39: = | V39: ṅ12c
T40: ṅ12c | U40: = | V40: =T39 -> 17.913455 | W40: kmol/hr TEA
G44: Total Mass Flowrate (kg/hr) | I44: =I49*R9+I50*R10+I51*R11 -> 3966.2549 | T44: Energy Balance
G45: Total Molar Flowrate (kmol/hr) | I45: =SUM(I47:I51) -> 31.420199 | T45: ΔĖp + ΔĖk + ΔḢ = Q̇ + Ẇs
G46: Components Molar Flowrate (kmol/hr)
G47: AM | T47: Assumptions:
G48: EO | T48: 1 | U48: There is no changes in elevation of height in each unit system, ΔĖp = 0
G49: MEA | H49: ṅ12a | I49: =V22 -> 2.8661527 | T49: 2 | U49: There is no changes in velocity in each unit system, ΔĖk = 0
G50: DEA | H50: ṅ12b | I50: =V36 -> 10.640592 | T50: 3 | U50: There is no moving parts in each unit system, Ẇs = 0
G51: TEA | H51: ṅ12c | I51: =V40 -> 17.913455
G52: EG | T52: Reference state: | U52: EO,MEA,DEA,TEA,(v, | W52: 25 | X52: °C, 1 atm)
G53: Molar Composition | T53: Substance | U53: Stream 9 | W53: Stream 11 | Y53: Stream 12
G54: AM | U54: ṅ in (kmol/hr) | V54: Ĥ in (kJ/kmol) | W54: ṅ out (kmol/hr) | X54: Ĥ out (kJ/kmol) | Y54: ṅ out (kmol/hr) | Z54: Ĥ out (kJ/kmol)
G55: EO | T55: AM (v) | U55: - | V55: - | W55: - | X55: - | Y55: - | Z55: -
G56: MEA | I56: =I49/$I$45 -> 0.091220068 | T56: EO (v） | U56: - | V56: - | W56: =N9 -> 68.071127 | X56: =V156 -> 8363.3151 | Y56: - | Z56: -
G57: DEA | I57: =I50/$I$45 -> 0.3386545 | T57: MEA (v) | U57: - | V57: - | W57: =N10 -> 140.44148 | X57: =V163 -> 14474.07 | Y57: - | Z57: -
G58: TEA | I58: =I51/$I$45 -> 0.57012543 | T58: DEA (v) | U58: - | V58: - | W58: =N11 -> 0.10748073 | X58: =V170 -> 24080.055 | Y58: - | Z58: -
G59: EG | T59: TEA (v) | U59: - | V59: - | W59: - | X59: - | Y59: - | Z59: -
G60: Vapour Fraction | I60: 0 | T60: EO (l) | U60: =G17 -> 68.071127 | V60: =V86 -> -26456.981 | W60: - | X60: - | Y60: - | Z60: -
G61: Total Mole Fraction | I61: =SUM(I54:I59) -> 1 | T61: MEA (l) | U61: =G18 -> 143.30764 | V61: =V107 -> -69971.535 | W61: - | X61: - | Y61: =I49 -> 2.8661527 | Z61: =V191 -> -18369.039
G62: T (°C) | I62: 250 | T62: DEA (l) | U62: =G19 -> 10.748073 | V62: =V128 -> -87512.992 | W62: - | X62: - | Y62: =I50 -> 10.640592 | Z62: =V212 -> -25727.644
G63: P (atm) | I63: 1 | T63: TEA (l) | U63: =G20 -> 17.913455 | V63: =V149 -> -121994.98 | W63: - | X63: - | Y63: =I51 -> 17.913455 | Z63: =V233 -> -25623.27
G64: H (kJ/hr) | I64: =Y65 -> -785407.13 | T64: EG (v) | U64: - | V64: - | W64: - | X64: - | Y64: - | Z64: -
M65: S12 | T65: Total Enthalpy, H (kJ/hr) | U65: =U60*V60+U61*V61+U62*V62+U63*V63 -> -14954359 | W65: =W56*X56+W57*X57+W58*X58 -> 2604648.3 | Y65: =Y61*Z61+Y62*Z62+Y63*Z63 -> -785407.13
V67: Ĥ1
T68: C₂H₄O(v,298.15K,1atm) | X68: C₂H₄O(l,283.15K,1atm)
T69: Ĥ1a | X69: Ĥ1c
U71: C₂H₄O(v,283.85K,1atm) | V71: Ĥ1b | W71: C₂H₄O(l,283.85K,1atm)
T73: From Database, Table 1.3, at 283.85K,
T74: Ĥ1a | U74: =
T75: Ĥ1a | U75: = | V75: =(Database!$C$32*((Database!$H$11)-($W$52+273.15)))+(((Database!$D$32)*((Database!$H$11)^2-($W$52+273.15)^2))/2)+((Database!$E$32*((Database!$H$11)^3-($W$52+273.15)^3))/3)+((Database!$F$32*((Database!$H$11)^4-($W$52+273.15)^4))/4)+((Database!$G$32)*((Database!$H$11)^(5)-($W$52+273.15)^5))/5 -> -695.4862
T77: From Database, Table 1.1, at 283.85K,
T78: Ĥ1b | U78: = | V78: -ΔĤv,C₂H₄O
T79: Ĥ1b | U79: = | V79: =Database!$I$21*1000*-1 -> -25700 | W79: kJ/kmol
T81: From Database, Table 1.4, at 283.15K,
T82: Ĥ1c | U82: =
T83: Ĥ1c | U83: = | V83: =Database!$C$44*(($G$31+273.15)-(Database!$H$11))+((Database!$D$44*(($G$31+273.15)^2-(Database!$H$11)^2))/2)+((Database!$E$44*(($G$31+273.15)^3-(Database!$H$11)^3))/3)+((Database!$F$44*(($G$31+273.15)^4-(Database!$H$11)^4))/4) -> -61.494297 | W83: kJ/kmol
T85: Ĥ1 | U85: = | V85: Ĥ1a | W85: + | X85: Ĥ1b | Y85: + | Z85: Ĥ1c
T86: Ĥ1 | U86: = | V86: =V83+V79+V75 -> -26456.981 | W86: kJ/kmol
V88: Ĥ2
T89: C₂H₇NO (v,298.15K,1atm) | X89: C₂H₇NO (l,283.15K,1atm)
T90: Ĥ2a | X90: Ĥ2c
U92: C₂H₇NO (v,444.15K,1atm) | V92: Ĥ2b | W92: C₂H₇NO (l,444.15K,1atm)
T94: From Database, Table 1.3, at 444.15K,
T95: Ĥ2a | U95: =
T96: Ĥ2a | U96: = | V96: =(Database!$C$33*((Database!$H$12)-($W$52+273.15)))+(((Database!$D$33)*((Database!$H$12)^2-($W$52+273.15)^2))/2)+((Database!$E$33*((Database!$H$12)^3-($W$52+273.15)^3))/3)+((Database!$F$33*((Database!$H$12)^4-($W$52+273.15)^4))/4)+((Database!$G$33)*((Database!$H$12)^(5)-($W$52+273.15)^5))/5 -> 14587.315
T98: From Database, Table 1.1, at 444.15K,
T99: Ĥ2b | U99: = | V99: -ΔĤv,C₂H₇NO
T100: Ĥ2b | U100: = | V100: =Database!$I$22*1000*-1 -> -51530 | W100: kJ/kmol
T102: From Database, Table 1.4, at 283.15K,
T103: Ĥ2c | U103: =
T104: Ĥ2c | U104: = | V104: =Database!$C$45*(($G$31+273.15)-(Database!$H$12))+((Database!$D$45*(($G$31+273.15)^2-(Database!$H$12)^2))/2)+((Database!$E$45*(($G$31+273.15)^3-(Database!$H$12)^3))/3)+((Database!$F$45*(($G$31+273.15)^4-(Database!$H$12)^4))/4) -> -33028.85 | W104: kJ/kmol
T106: Ĥ2 | U106: = | V106: Ĥ2a | W106: + | X106: Ĥ2b | Y106: + | Z106: Ĥ2c
T107: Ĥ2 | U107: = | V107: =V104+V100+V96 -> -69971.535 | W107: kJ/kmol
V109: Ĥ3
T110: C₄H₁₁NO₂ (v,298.15K,1atm) | X110: C₄H₁₁NO₂ (l,283.15K,1atm)
T112: Ĥ3a | X112: Ĥ3c
U113: C₄H₁₁NO₂ (v,542.04K,1atm) | W113: C₄H₁₁NO₂ (l,542.04K,1atm)
V114: Ĥ3b
T115: From Database, Table 1.3, at 542.04K,
T116: Ĥ3a | U116: =
T117: Ĥ3a | U117: = | V117: =(Database!$C$34*((Database!$H$13)-($W$52+273.15)))+(((Database!$D$34)*((Database!$H$13)^2-($W$52+273.15)^2))/2)+((Database!$E$34*((Database!$H$13)^3-($W$52+273.15)^3))/3)+((Database!$F$34*((Database!$H$13)^4-($W$52+273.15)^4))/4)+((Database!$G$34)*((Database!$H$13)^(5)-($W$52+273.15)^5))/5 -> 44168.085
T119: From Database, Table 1.1, at 542.04K,
T120: Ĥ3b | U120: = | V120: -ΔĤv,C₄H₁₁NO₂
T121: Ĥ3b | U121: = | V121: =Database!$I$23*1000*-1 -> -64460 | W121: kJ/kmol
T123: From Database, Table 1.4, at 283.15K,
...

Sheet Distillation Column 2
X3: Degree of Freedom Analysis
C4: Total Mass Flowrate (kg/hr) | E4: =E9*U7+E10*U8+E11*U9 -> 3966.2549 | L4: Total Mass Flowrate (kg/hr) | N4: =N10*U8+N11*U9 -> 2304.4927 | T4: Components | U4: Molecular Weight (kg/kmol) | X4: No. unkown labeled variable = | AA4: 5 | AB4: (ṅ13a, ṅ13b, ṅ13c, ṅ14a, ṅ14b)
C5: Total Molar Flowrate (kmol/hr) | E5: =SUM(E7:E12) -> 31.420199 | L5: Total Molar Flowrate (kmol/hr) | N5: =SUM(N7:N12) -> 15.541162 | T5: NH₃ (AM) | U5: =17.031 -> 17.031 | X5: No. of material balance = | AA5: -3 | AB5: (MEA, DEA, TEA)
C6: Components Molar Flowrate (kmol/hr) | L6: Components Molar Flowrate (kmol/hr) | T6: C₂H₄O (EO) | U6: 44.053 | X6: No. process specification equation = | AA6: -2 | AB6: Ps (① ṅ13a is 65% DEA in S12
C7: AM | L7: AM | T7: C₂H₇NO (MEA) | U7: 61.083 | AB7: ② ṅ13b is 97% DEA in S12)
C8: EO | L8: EO | T8: C₄H₁₁NO₂ (DEA) | U8: 105.136 | AA8: =SUM(AA4:AA6) -> 0 | AB8: can be solved
C9: MEA | D9: ṅ12a | E9: ='Distillation Column 1 '!I49 -> 2.8661527 | L9: MEA | T9: C₆H₁₅NO₃ (TEA) | U9: 149.188
C10: DEA | D10: ṅ12b | E10: ='Distillation Column 1 '!I50 -> 10.640592 | L10: DEA | M10: ṅ14a | N10: =Z31 -> 0.31921776 | T10: C₂H₆O₂ (EG) | U10: 62.07
C11: TEA | D11: ṅ12c | E11: ='Distillation Column 1 '!I51 -> 17.913455 | L11: TEA | M11: ṅ14b | N11: =Z41 -> 15.221944
C12: EG | L12: EG | X12: Ps ①
C13: Molar Composition | L13: Molar Composition | X13: ṅ13a is 65% DEA in S12
C14: AM | L14: AM | X14: 0.65ṅ13 | Y14: = | Z14: 0.97ṅ12b
C15: EO | L15: EO | X15: 0.65ṅ13 | Y15: = | Z15: 0.97(10.6413)
C16: MEA | E16: =E9/$E$5 -> 0.091220068 | L16: MEA | X16: ṅ13 | Y16: = | Z16: =(97%*E10)/65% -> 15.879037 | AA16: kmol/hr
C17: DEA | E17: =E10/$E$5 -> 0.3386545 | L17: DEA | N17: =N10/N5 -> 0.020540148
C18: TEA | E18: =E11/$E$5 -> 0.57012543 | L18: TEA | N18: =N11/$N$5 -> 0.97945985 | X18: Ps ②
C19: EG | L19: EG | X19: ṅ13b is 97% DEA in S12
C20: Vapour Fraction | E20: 0 | L20: Vapour Fraction | N20: 0 | X20: ṅ13b | Y20: = | Z20: 0.97ṅ12b
C21: Total Mole Fraction | E21: =SUM(E14:E19) -> 1 | L21: Total Mole Fraction | N21: =SUM(N14:N19) -> 1 | X21: ṅ13b | Y21: = | Z21: 0.97(10.6413)
C22: T (°C) | E22: 250 | L22: T (°C) | N22: 335 | X22: ṅ13b | Y22: = | Z22: =97%*E10 -> 10.321374 | AA22: kmol/hr DEA
C23: P (atm) | E23: 1 | L23: P (atm) | N23: 1
C24: H (kJ/hr) | E24: =Y64 -> -785407.13 | L24: H (kJ/hr) | N24: =AC64 -> 197749.9 | X24: MEA Balance ( in=out )
B25: S12 | N25: S14 | X25: ṅ12a | Y25: = | Z25: ṅ13a
X26: ṅ13a | Y26: = | Z26: =E9 -> 2.8661527 | AA26: kmol/hr MEA
X28: DEA Balance ( in=out )
X29: ṅ12b | Y29: = | Z29: ṅ13b | AA29: + | AB29: ṅ14a
X30: ṅ14a | Y30: = | Z30: 10.6413-10.3221
X31: ṅ14a | Y31: = | Z31: =E10-Z22 -> 0.31921776 | AA31: kmol/hr DEA
X33: TEA Balance in S13,
F34: Total Mass Flowrate (kg/hr) | H34: =H39*U7+H40*U8+H41*U9 -> 1661.7623 | X34: ṅ13 | Y34: = | Z34: ṅ13a | AA34: + | AB34: ṅ13b | AC34: + | AD34: ṅ13c
F35: Total Molar Flowrate (kmol/hr) | H35: =SUM(H37:H42) -> 15.879037 | X35: ṅ13c | Y35: = | Z35: 15.8801-2.8663-10.3221
F36: Components Molar Flowrate (kmol/hr) | X36: ṅ13c | Y36: = | Z36: =Z16-Z26-Z22 -> 2.6915103 | AA36: kmol/hr TEA
F37: AM
F38: EO | X38: TEA Balance ( in=out )
F39: MEA | G39: ṅ13a | H39: =Z26 -> 2.8661527 | X39: ṅ12c | Y39: = | Z39: ṅ13c | AA39: + | AB39: ṅ14b
F40: DEA | G40: ṅ13b | H40: =Z22 -> 10.321374 | X40: ṅ14b | Y40: = | Z40: 17.9147-2.6917
F41: TEA | G41: ṅ13c | H41: =Z36 -> 2.6915103 | X41: ṅ14b | Y41: = | Z41: =E11-Z36 -> 15.221944 | AA41: kmol/hr TEA
F42: EG
F43: Molar Composition | X43: Energy Balance
F44: AM | X44: ΔĖp + ΔĖk + ΔḢ = Q̇ + Ẇs
F45: EO
F46: MEA | H46: =H39/$H$35 -> 0.18049915 | X46: Assumptions:
F47: DEA | H47: =H40/$H$35 -> 0.65 | X47: 1 | Y47: There is no changes in elevation of height in each unit system, ΔĖp = 0
F48: TEA | H48: =H41/$H$35 -> 0.16950085 | X48: 2 | Y48: There is no changes in velocity in each unit system, ΔĖk = 0
F49: EG | X49: 3 | Y49: There is no moving parts in each unit system, Ẇs = 0
F50: Vapour Fraction | H50: 0
F51: Total Mole Fraction | H51: =SUM(H44:H49) -> 1 | X51: Reference state: | Y51: EO,MEA,DEA,TEA,(v, | AA51: 25 | AB51: °C, 1 atm)
F52: T (°C) | H52: 269 | X52: Substance | Y52: Stream 12 | AA52: Stream 13 | AC52: Stream 14
F53: P (atm) | H53: 1 | J53: S13 | Y53: ṅ in (kmol/hr) | Z53: Ĥ in (kJ/kmol) | AA53: ṅ out (kmol/hr) | AB53: Ĥ out (kJ/kmol) | AC53: ṅ out (kmol/hr) | AD53: Ĥ out (kJ/kmol)
F54: H (kJ/hr) | H54: =AA64 -> -294328.48 | X54: AM (v) | Y54: - | Z54: - | AA54: - | AB54: - | AC54: - | AD54: -
X55: EO (v） | Y55: - | Z55: - | AA55: - | AB55: - | AC55: - | AD55: -
X56: MEA (v) | Y56: - | Z56: - | AA56: - | AB56: - | AC56: - | AD56: -
X57: DEA (v) | Y57: - | Z57: - | AA57: - | AB57: - | AC57: - | AD57: -
X58: TEA (v) | Y58: - | Z58: - | AA58: - | AB58: - | AC58: - | AD58: -
X59: EO (l) | Y59: - | Z59: - | AA59: - | AB59: - | AC59: - | AD59: -
X60: MEA (l) | Y60: =E9 -> 2.8661527 | Z60: =Z86 -> -18369.039 | AA60: =H39 -> 2.8661527 | AB60: =Z149 -> -13507.544 | AC60: - | AD60: -
X61: DEA (l) | Y61: =E10 -> 10.640592 | Z61: =Z107 -> -25727.644 | AA61: =H40 -> 10.321374 | AB61: =Z170 -> -20259.89 | AC61: =N10 -> 0.31921776 | AD61: =Z212 -> -114.00405
X62: TEA (l) | Y62: =E11 -> 17.913455 | Z62: =Z128 -> -25623.27 | AA62: =H41 -> 2.6915103 | AB62: =Z191 -> -17277.99 | AC62: =N11 -> 15.221944 | AD62: =Z233 -> 12993.497
X63: EG (v) | Y63: - | Z63: - | AA63: - | AB63: - | AC63: - | AD63: -
X64: Total Enthalpy, H (kJ/hr) | Y64: =Y60*Z60+Y61*Z61+Y62*Z62 -> -785407.13 | AA64: =AA60*AB60+AA61*AB61+AA62*AB62 -> -294328.48 | AC64: =AC61*AD61+AC62*AD62 -> 197749.9
Z67: Ĥ1
X68: C₂H₇NO (v,298.15K,1atm) | AB68: C₂H₇NO (l,523.15K,1atm)
X69: Ĥ1a | AB69: Ĥ1c
Y71: C₂H₇NO (v,444.15K,1atm) | Z71: Ĥ1b | AA71: C₂H₇NO (l,444.15K,1atm)
X73: From Database, Table 1.3, at 444.15K,
X74: Ĥ1a | Y74: =
X75: Ĥ1a | Y75: = | Z75: =(Database!$C$33*((Database!$H$12)-($AA$51+273.15)))+(((Database!$D$33)*((Database!$H$12)^2-($AA$51+273.15)^2))/2)+((Database!$E$33*((Database!$H$12)^3-($AA$51+273.15)^3))/3)+((Database!$F$33*((Database!$H$12)^4-($AA$51+273.15)^4))/4)+((Database!$G$33)*((Database!$H$12)^(5)-($AA$51+273.15)^5))/5 -> 14587.315 | AA75: kJ/kmol
X77: From Database, Table 1.1, at 444.15K,
X78: Ĥ1b | Y78: = | Z78: -ΔĤv,C₂H₇NO
X79: Ĥ1b | Y79: = | Z79: =Database!$I$22*1000*-1 -> -51530 | AA79: kJ/kmol
X81: From Database, Table 1.4, at 523.15K,
X82: Ĥ1c | Y82: =
X83: Ĥ1c | Y83: = | Z83: =Database!$C$45*(($E$22+273.15)-(Database!$H$12))+((Database!$D$45*(($E$22+273.15)^2-(Database!$H$12)^2))/2)+((Database!$E$45*(($E$22+273.15)^3-(Database!$H$12)^3))/3)+((Database!$F$45*(($E$22+273.15)^4-(Database!$H$12)^4))/4) -> 18573.646 | AA83: kJ/kmol
X85: Ĥ1 | Y85: = | Z85: Ĥ1a | AA85: + | AB85: Ĥ1b | AC85: + | AD85: Ĥ1c
X86: Ĥ1 | Y86: = | Z86: =Z83+Z79+Z75 -> -18369.039 | AA86: kJ/kmol
Z88: Ĥ2
X89: C₄H₁₁NO₂ (v,298.15K,1atm) | AB89: C₄H₁₁NO₂ (l,523.15K,1atm)
X90: Ĥ2a | AB90: Ĥ2c
Y92: C₄H₁₁NO₂ (v,542.04K,1atm) | Z92: Ĥ2b | AA92: C₄H₁₁NO₂ (l,542.04K,1atm)
X94: From Database, Table 1.3, at 542.04K,
X95: Ĥ2a | Y95: =
X96: Ĥ2a | Y96: = | Z96: =(Database!$C$34*((Database!$H$13)-($AA$51+273.15)))+(((Database!$D$34)*((Database!$H$13)^2-($AA$51+273.15)^2))/2)+((Database!$E$34*((Database!$H$13)^3-($AA$51+273.15)^3))/3)+((Database!$F$34*((Database!$H$13)^4-($AA$51+273.15)^4))/4)+((Database!$G$34)*((Database!$H$13)^(5)-($AA$51+273.15)^5))/5 -> 44168.085 | AA96: kJ/kmol
X98: From Database, Table 1.1, at 542.04K,
X99: Ĥ2b | Y99: = | Z99: -ΔĤv,C₄H₁₁NO₂
X100: Ĥ2b | Y100: = | Z100: =Database!$I$23*1000*-1 -> -64460 | AA100: kJ/kmol
X102: From Database, Table 1.4, at 523.15K,
X103: Ĥ2c | Y103: =
X104: Ĥ2c | Y104: = | Z104: =Database!$C$46*(($E$22+273.15)-(Database!$H$13))+((Database!$D$46*(($E$22+273.15)^2-(Database!$H$13)^2))/2)+((Database!$E$46*(($E$22+273.15)^3-(Database!$H$13)^3))/3)+((Database!$F$46*(($E$22+273.15)^4-(Database!$H$13)^4))/4) -> -5435.7298 | AA104: kJ/kmol
X106: Ĥ2 | Y106: = | Z106: Ĥ2a | AA106: + | AB106: Ĥ2b | AC106: + | AD106: Ĥ2c
X107: Ĥ2 | Y107: = | Z107: =Z104+Z100+Z96 -> -25727.644 | AA107: kJ/kmol
Z109: Ĥ3
X110: C₆H₁₅NO₃ (v,298.15K,1atm) | AB110: C₆H₁₅NO₃ (l,523.15K,1atm)
X111: Ĥ3a | AB111: Ĥ3c
Y113: C₆H₁₅NO₃ (v,608.55K,1atm) | Z113: Ĥ3b | AA113: C₆H₁₅NO₃ (l,608.55K,1atm)
X115: From Database, Table 1.3, at 608.55K,
X116: Ĥ3a | Y116: =
X117: Ĥ3a | Y117: = | Z117: =(Database!$C$35*((Database!$H$14)-($AA$51+273.15)))+(((Database!$D$35)*((Database!$H$14)^2-($AA$51+273.15)^2))/2)+((Database!$E$35*((Database!$H$14)^3-($AA$51+273.15)^3))/3)+((Database!$F$35*((Database!$H$14)^4-($AA$51+273.15)^4))/4)+((Database!$G$35)*((Database!$H$14)^(5)-($AA$51+273.15)^5))/5 -> 83864.045 | AA117: kJ/kmol
X119: From Database, Table 1.1, at 608.55K,
X120: Ĥ3b | Y120: = | Z120: -ΔĤv,C₆H₁₅NO₃
X121: Ĥ3b | Y121: = | Z121: =Database!$I$24*1000*-1 -> -70680 | AA121: kJ/kmol
...

Sheet Cooler 2
C3: Total Mass Flowrate (kg/hr) | E3: =E7*R5+E8*R6+E9*R7 -> 11588.625 | L3: Total Mass Flowrate (kg/hr) | N3: =N7*R5+N8*R6+N9*R7 -> 11588.625 | Q3: Components | R3: Molecular Weight (kg/kmol) | T3: Degree of Freedom Analysis
C4: Total Molar Flowrate (kmol/hr) | E4: =SUM(E6:E11) -> 208.62009 | L4: Total Molar Flowrate (kmol/hr) | N4: =SUM(N6:N11) -> 208.62009 | Q4: NH₃ (AM) | R4: =17.031 -> 17.031 | T4: No. unkown labeled variable = | W4: 3 | X4: (ṅ15a, ṅ15b, ṅ15c)
C5: Components Molar Flowrate (kmol/hr) | L5: Components Molar Flowrate (kmol/hr) | Q5: C₂H₄O (EO) | R5: 44.053 | T5: No. of material balance = | W5: -3 | X5: (EO, MEA, DEA)
C6: AM | L6: AM | Q6: C₂H₇NO (MEA) | R6: 61.083 | T6: No. process specification equation = | W6: 0 | X6: Ps
C7: EO | D7: ṅ11a | E7: ='Distillation Column 1 '!N9 -> 68.071127 | L7: EO | M7: ṅ15a | N7: =V11 -> 68.071127 | Q7: C₄H₁₁NO₂ (DEA) | R7: 105.136 | W7: =SUM(W4:W6) -> 0 | X7: can be solved
C8: MEA | D8: ṅ11b | E8: ='Distillation Column 1 '!N10 -> 140.44148 | L8: MEA | M8: ṅ15b | N8: =V15 -> 140.44148 | Q8: C₆H₁₅NO₃ (TEA) | R8: 149.188
C9: DEA | D9: ṅ11c | E9: ='Distillation Column 1 '!N11 -> 0.10748073 | L9: DEA | M9: ṅ15c | N9: =V19 -> 0.10748073 | Q9: C₂H₆O₂ (EG) | R9: 62.07 | T9: EO Balance ( in=out )
C10: TEA | L10: TEA | T10: =E7 -> 68.071127 | U10: = | V10: ṅ15a
C11: EG | L11: EG | T11: ṅ15a | U11: = | V11: =T10 -> 68.071127 | W11: kmol/hr EO
C12: Molar Composition | L12: Molar Composition
C13: AM | L13: AM | T13: MEA Balance ( in=out )
C14: EO | E14: =E7/$E$4 -> 0.32629229 | L14: EO | N14: =N7/$N$4 -> 0.32629229 | T14: =E8 -> 140.44148 | U14: = | V14: ṅ15b
C15: MEA | E15: =E8/$E$4 -> 0.67319251 | L15: MEA | N15: =N8/$N$4 -> 0.67319251 | T15: ṅ15b | U15: = | V15: =T14 -> 140.44148 | W15: kmol/hr MEA
C16: DEA | E16: =E9/$E$4 -> 0.00051519835 | L16: DEA | N16: =N9/$N$4 -> 0.00051519835
C17: TEA | L17: TEA | T17: DEA Balance ( in=out )
C18: EG | L18: EG | T18: =E9 -> 0.10748073 | U18: = | V18: ṅ15c
C19: Vapour Fraction | E19: 1 | L19: Vapour Fraction | N19: 0 | T19: ṅ15c | U19: = | V19: =T18 -> 0.10748073 | W19: kmol/hr DEA
C20: Total Mole Fraction | E20: =SUM(E13:E18) -> 1 | L20: Total Mole Fraction | N20: =SUM(N13:N18) -> 1
C21: T (°C) | E21: 170 | L21: T (°C) | N21: 6 | T21: Energy Balance
C22: P (atm) | E22: 1 | L22: P (atm) | N22: 1 | T22: ΔĖp + ΔĖk + ΔḢ = Q̇ + Ẇs
C23: H (kJ/hr) | E23: =U42 -> 2604648.3 | L23: H (kJ/hr) | N23: =W42 -> -11767908
B24: S11 | O24: S15 | T24: Assumptions:
T25: 1 | U25: There is no changes in elevation of height in each unit system, ΔĖp = 0
T26: 2 | U26: There is no changes in velocity in each unit system, ΔĖk = 0
T27: 3 | U27: There is no moving parts in each unit system, Ẇs = 0
T29: Reference state: | U29: EO,MEA,DEA,(v, | W29: 25 | X29: °C, 1 atm)
T30: Substance | U30: Stream 11 | W30: Stream 15
U31: ṅ in (kmol/hr) | V31: Ĥ in (kJ/kmol) | W31: ṅ out (kmol/hr) | X31: Ĥ out (kJ/kmol)
T32: AM (g） | U32: - | V32: - | W32: - | X32: -
T33: EO (l） | U33: - | V33: - | W33: =N7 -> 68.071127 | X33: =V85 -> -26807.148
T34: MEA (l） | U34: - | V34: - | W34: =N8 -> 140.44148 | X34: =V106 -> -70731.298
T35: DEA (l） | U35: - | V35: - | W35: =N9 -> 0.10748073 | X35: =V127 -> -88450.69
T36: TEA (l） | U36: - | V36: - | W36: - | X36: -
T37: EO (v） | U37: =E7 -> 68.071127 | V37: =V50 -> 8363.3151 | W37: - | X37: -
T38: MEA (v） | U38: =E8 -> 140.44148 | V38: =V57 -> 14474.07 | W38: - | X38: -
T39: DEA (v) | U39: =E9 -> 0.10748073 | V39: =V64 -> 24080.055 | W39: - | X39: -
T40: TEA (v) | U40: - | V40: - | W40: - | X40: -
T41: EG (v) | U41: - | V41: - | W41: - | X41: -
T42: Total Enthalpy, H (kJ/hr) | U42: =U37*V37+U38*V38+U39*V39 -> 2604648.3 | W42: =W33*X33+W34*X34+W35*X35 -> -11767908
U45: Ĥ1
T46: C₂H₄O (v,298.15K,1atm) | W46: C₂H₄O (v,443.15K,1atm)
T48: From Database, Table 1.3, at 443.15K,
T49: Ĥ1 | U49: =
T50: Ĥ1 | U50: = | V50: =(Database!$C$32*(($E$21+273.15)-($W$29+273.15)))+(((Database!$D$32)*(($E$21+273.15)^2-($W$29+273.15)^2))/2)+((Database!$E$32*(($E$21+273.15)^3-($W$29+273.15)^3))/3)+((Database!$F$32*(($E$21+273.15)^4-($W$29+273.15)^4))/4)+((Database!$G$32)*(($E$21+273.15)^(5)-($W$29+273.15)^5))/5 -> 8363.3151 | W50: kJ/kmol
U52: Ĥ2
T53: C₂H₇NO (v,298.15K,1atm) | W53: C₂H₇NO (v,443.15K,1atm)
T55: From Database, Table 1.3, at 443.15K,
T56: Ĥ2 | U56: =
T57: Ĥ2 | U57: = | V57: =(Database!$C$33*(($E$21+273.15)-($W$29+273.15)))+(((Database!$D$33)*(($E$21+273.15)^2-($W$29+273.15)^2))/2)+((Database!$E$33*(($E$21+273.15)^3-($W$29+273.15)^3))/3)+((Database!$F$33*(($E$21+273.15)^4-($W$29+273.15)^4))/4)+((Database!$G$33)*(($E$21+273.15)^(5)-($W$29+273.15)^5))/5 -> 14474.07 | W57: kJ/kmol
U59: Ĥ3
T60: C₄H₁₁NO₂ (v,298.15K,1atm) | W60: C₄H₁₁NO₂ (v,443.15K,1atm)
T62: From Database, Table 1.3, at 443.15K,
T63: Ĥ3 | U63: =
T64: Ĥ3 | U64: = | V64: =(Database!$C$34*(($E$21+273.15)-($W$29+273.15)))+(((Database!$D$34)*(($E$21+273.15)^2-($W$29+273.15)^2))/2)+((Database!$E$34*(($E$21+273.15)^3-($W$29+273.15)^3))/3)+((Database!$F$34*(($E$21+273.15)^4-($W$29+273.15)^4))/4)+((Database!$G$34)*(($E$21+273.15)^(5)-($W$29+273.15)^5))/5 -> 24080.055 | W64: kJ/kmol
V66: Ĥ4
T67: C₂H₄O(v,298.15K,1atm) | X67: C₂H₄O(l,279.15K,1atm)
T68: Ĥ4a | X68: Ĥ4c
U70: C₂H₄O(v,283.85K,1atm) | V70: Ĥ4b | W70: C₂H₄O(l,283.85K,1atm)
T72: From Database, Table 1.3, at 283.85K,
T73: Ĥ4a | U73: =
T74: Ĥ4a | U74: = | V74: =(Database!$C$32*((Database!$H$11)-($W$29+273.15)))+(((Database!$D$32)*((Database!$H$11)^2-($W$29+273.15)^2))/2)+((Database!$E$32*((Database!$H$11)^3-($W$29+273.15)^3))/3)+((Database!$F$32*((Database!$H$11)^4-($W$29+273.15)^4))/4)+((Database!$G$32)*((Database!$H$11)^(5)-($W$29+273.15)^5))/5 -> -695.4862 | W74: kJ/kmol
T76: From Database, Table 1.1, at 283.85K,
T77: Ĥ4b | U77: = | V77: -ΔĤv,C₂H₄O
T78: Ĥ4b | U78: = | V78: =Database!$I$21*1000*-1 -> -25700 | W78: kJ/kmol
T80: From Database, Table 1.4, at 279.15K,
T81: Ĥ4c | U81: =
T82: Ĥ4c | U82: = | V82: =Database!$C$44*(($N$21+273.15)-(Database!$H$11))+((Database!$D$44*(($N$21+273.15)^2-(Database!$H$11)^2))/2)+((Database!$E$44*(($N$21+273.15)^3-(Database!$H$11)^3))/3)+((Database!$F$44*(($N$21+273.15)^4-(Database!$H$11)^4))/4) -> -411.66168 | W82: kJ/kmol
T84: Ĥ4 | U84: = | V84: Ĥ4a | W84: + | X84: Ĥ4b | Y84: + | Z84: Ĥ4c
T85: Ĥ4 | U85: = | V85: =V82+V78+V74 -> -26807.148 | W85: kJ/kmol
V87: Ĥ5
T88: C₂H₇NO (v,298.15K,1atm) | X88: C₂H₇NO (l,279.15K,1atm)
T89: Ĥ5a | X89: Ĥ5c
U91: C₂H₇NO (v,444.15K,1atm) | V91: Ĥ5b | W91: C₂H₇NO (l,444.15K,1atm)
T93: From Database, Table 1.3, at 444.15K,
T94: Ĥ5a | U94: =
T95: Ĥ5a | U95: = | V95: =(Database!$C$33*((Database!$H$12)-($W$29+273.15)))+(((Database!$D$33)*((Database!$H$12)^2-($W$29+273.15)^2))/2)+((Database!$E$33*((Database!$H$12)^3-($W$29+273.15)^3))/3)+((Database!$F$33*((Database!$H$12)^4-($W$29+273.15)^4))/4)+((Database!$G$33)*((Database!$H$12)^(5)-($W$29+273.15)^5))/5 -> 14587.315
T97: From Database, Table 1.1, at 444.15K,
T98: Ĥ5b | U98: = | V98: -ΔĤv,C₂H₇NO
T99: Ĥ5b | U99: = | V99: =Database!$I$22*1000*-1 -> -51530 | W99: kJ/kmol
T101: From Database, Table 1.4, at 279.15K,
T102: Ĥ5c | U102: =
T103: Ĥ5c | U103: = | V103: =Database!$C$45*(($N$21+273.15)-(Database!$H$12))+((Database!$D$45*(($N$21+273.15)^2-(Database!$H$12)^2))/2)+((Database!$E$45*(($N$21+273.15)^3-(Database!$H$12)^3))/3)+((Database!$F$45*(($N$21+273.15)^4-(Database!$H$12)^4))/4) -> -33788.613 | W103: kJ/kmol
T105: Ĥ5 | U105: = | V105: Ĥ5a | W105: + | X105: Ĥ5b | Y105: + | Z105: Ĥ5c
T106: Ĥ5 | U106: = | V106: =V103+V99+V95 -> -70731.298 | W106: kJ/kmol
V108: Ĥ6
T109: C₄H₁₁NO₂ (v,298.15K,1atm) | X109: C₄H₁₁NO₂ (l,279.15K,1atm)
T110: Ĥ6a | X110: Ĥ6c
U112: C₄H₁₁NO₂ (v,542.04K,1atm) | V112: Ĥ6b | W112: C₄H₁₁NO₂ (l,542.04K,1atm)
T114: From Database, Table 1.3, at 542.04K,
T115: Ĥ6a | U115: =
T116: Ĥ6a | U116: = | V116: =(Database!$C$34*((Database!$H$13)-($W$29+273.15)))+(((Database!$D$34)*((Database!$H$13)^2-($W$29+273.15)^2))/2)+((Database!$E$34*((Database!$H$13)^3-($W$29+273.15)^3))/3)+((Database!$F$34*((Database!$H$13)^4-($W$29+273.15)^4))/4)+((Database!$G$34)*((Database!$H$13)^(5)-($W$29+273.15)^5))/5 -> 44168.085 | W116: kJ/kmol
T118: From Database, Table 1.1, at 542.04K,
T119: Ĥ6b | U119: = | V119: -ΔĤv,C₄H₁₁NO₂
T120: Ĥ6b | U120: = | V120: =Database!$I$23*1000*-1 -> -64460 | W120: kJ/kmol
T122: From Database, Table 1.4, at 279.15K,
T123: Ĥ6c | U123: =
T124: Ĥ6c | U124: = | V124: =Database!$C$46*(($N$21+273.15)-(Database!$H$13))+((Database!$D$46*(($N$21+273.15)^2-(Database!$H$13)^2))/2)+((Database!$E$46*(($N$21+273.15)^3-(Database!$H$13)^3))/3)+((Database!$F$46*(($N$21+273.15)^4-(Database!$H$13)^4))/4) -> -68158.775 | W124: kJ/kmol
T126: Ĥ6 | U126: = | V126: Ĥ6a | W126: + | X126: Ĥ6b | Y126: + | Z126: Ĥ6c
T127: Ĥ6 | U127: = | V127: =V124+V120+V116 -> -88450.69 | W127: kJ/kmol

Sheet Liquid-liquid Extractor 
P12: Components | Q12: Molecular Weight (kg/kmol) | S12: Degree of Freedom Analysis
K13: Total Mass Flowrate (kg/hr) | M13: =M21*Q18 -> 19423.574 | P13: NH₃ (AM) | Q13: =17.031 -> 17.031 | S13: No. unkown labeled variable = | V13: 6 | W13: (ṅ16, ṅ17, ṅ18a, ṅ18b, ṅ18c, ṅ18d)
K14: Total Molar Flowrate (kmol/hr) | M14: =SUM(M16:M21) -> 312.93014 | P14: C₂H₄O (EO) | Q14: 44.053 | S14: No. of material balance = | V14: -4 | W14: (EO, MEA, DEA, EG)
K15: Components Molar Flowrate (kmol/hr) | P15: C₂H₇NO (MEA) | Q15: 61.083 | S15: No. process specification equation = | V15: -2 | W15: Ps (① ṅ16 is 1.5 S15
C16: Total Mass Flowrate (kg/hr) | E16: =E20*Q14+E21*Q15+E22*Q16 -> 11588.625 | K16: AM | P16: C₄H₁₁NO₂ (DEA) | Q16: 105.136 | W16: ② ṅ17 is 98% of EO in S15)
C17: Total Molar Flowrate (kmol/hr) | E17: =SUM(E19:E24) -> 208.62009 | K17: EO | P17: C₆H₁₅NO₃ (TEA) | Q17: 149.188 | V17: =SUM(V13:V15) -> 0 | W17: can be solved
C18: Components Molar Flowrate (kmol/hr) | K18: MEA | P18: C₂H₆O₂ (EG) | Q18: 62.07
C19: AM | K19: DEA | S19: Ps ①
C20: EO | D20: ṅ15a | E20: ='Cooler 2'!N7 -> 68.071127 | K20: TEA | S20: ṅ16 is 1.5 S15
C21: MEA | D21: ṅ15b | E21: ='Cooler 2'!N8 -> 140.44148 | K21: EG | L21: ṅ16 | M21: =U22 -> 312.93014 | S21: ṅ16 | T21: = | U21: 1.5(208.6201)
C22: DEA | D22: ṅ15c | E22: ='Cooler 2'!N9 -> 0.10748073 | K22: Molar Composition | S22: ṅ16 | T22: = | U22: =1.5*E17 -> 312.93014 | V22: kmol/hr EG
C23: TEA | K23: AM
C24: EG | K24: EO | S24: Ps ②
C25: Molar Composition | K25: MEA | S25: ṅ17 is 98% of EO in S15
C26: AM | K26: DEA | S26: ṅ17 | T26: = | U26: 0.98(68.0758)
C27: EO | E27: =E20/$E$17 -> 0.32629229 | K27: TEA | S27: ṅ17 | T27: = | U27: =98%*E20 -> 66.709705 | V27: kmol/hr EO
C28: MEA | E28: =E21/$E$17 -> 0.67319251 | K28: EG | M28: =M21/$M$14 -> 1
C29: DEA | E29: =E22/$E$17 -> 0.00051519835 | K29: Vapour Fraction | M29: 0 | S29: EO Balance ( in=out ）
C30: TEA | K30: Total Mole Fraction | M30: =SUM(M23:M28) -> 1 | S30: ṅ15a | T30: = | U30: ṅ17 | V30: + | W30: ṅ18a
C31: EG | K31: T (°C) | M31: 6 | S31: ṅ18a | T31: = | U31: 68.0758-66.7142
C32: Vapour Fraction | E32: 0 | K32: P (atm) | M32: 1 | S32: ṅ18a | T32: = | U32: =E20-U27 -> 1.3614225 | V32: kmol/hr EO
C33: Total Mole Fraction | E33: =SUM(E26:E31) -> 1 | J33: S16 | K33: H (kJ/hr) | M33: =V68 -> -22289384
C34: T (°C) | E34: 6 | S34: MEA Balance ( in=out ）
C35: P (atm) | E35: 1 | S35: ṅ15b | T35: = | U35: ṅ18b
C36: H (kJ/hr) | E36: =T68 -> -11767908 | S36: ṅ18b | T36: = | U36: =E21 -> 140.44148 | V36: kmol/hr MEA
B38: S15 | P38: S18
S39: DEA Balance ( in=out ）
S40: ṅ15c | T40: = | U40: ṅ18c
M41: Total Mass Flowrate (kg/hr) | O41: =O45*Q14+O46*Q15+O47*Q16+O49*Q18 -> 28073.436 | S41: ṅ18c | T41: = | U41: =E22 -> 0.10748073 | V41: kmol/hr MEA
M42: Total Molar Flowrate (kmol/hr) | O42: =SUM(O44:O49) -> 454.84052
M43: Components Molar Flowrate (kmol/hr) | S43: EG Balance ( in=out ）
H44: S17 | M44: AM | S44: ṅ16 | T44: = | U44: ṅ18d
F45: Total Mass Flowrate (kg/hr) | H45: =H49*Q14 -> 2938.7626 | M45: EO | N45: ṅ18a | O45: =U32 -> 1.3614225 | S45: ṅ18d | T45: = | U45: =U22 -> 312.93014 | V45: kmol/hr EG
F46: Total Molar Flowrate (kmol/hr) | H46: =SUM(H48:H53) -> 66.709705 | M46: MEA | N46: ṅ18b | O46: =U36 -> 140.44148
F47: Components Molar Flowrate (kmol/hr) | M47: DEA | N47: ṅ18c | O47: =U41 -> 0.10748073 | S47: Energy Balance
F48: AM | M48: TEA | S48: ΔĖp + ΔĖk + ΔḢ = Q̇ + Ẇs
F49: EO | G49: ṅ17 | H49: =U27 -> 66.709705 | M49: EG | N49: ṅ18d | O49: =U45 -> 312.93014
F50: MEA | M50: Molar Composition | S50: Assumptions:
F51: DEA | M51: AM | S51: 1 | T51: There is no changes in elevation of height in each unit system, ΔĖp = 0
F52: TEA | M52: EO | O52: =O45/$O$42 -> 0.0029931866 | S52: 2 | T52: There is no changes in velocity in each unit system, ΔĖk = 0
F53: EG | M53: MEA | O53: =O46/$O$42 -> 0.30877082 | S53: 3 | T53: There is no moving parts in each unit system, Ẇs = 0
F54: Molar Composition | M54: DEA | O54: =O47/$O$42 -> 0.0002363042
F55: AM | M55: TEA | S55: Reference state: | T55: EO,MEA,DEA,EG (v, | V55: 25 | W55: °C, 1 atm)
F56: EO | H56: =H49/$H$46 -> 1 | M56: EG | O56: =O49/$O$42 -> 0.68799968 | S56: Substance | T56: Stream 15 | V56: Stream 16 | X56: Stream 17 | Z56: Stream 18
F57: MEA | M57: Vapour Fraction | O57: 0 | T57: ṅ in (kmol/hr) | U57: Ĥ in (kJ/kmol) | V57: ṅ in(kmol/hr) | W57: Ĥ in (kJ/kmol) | X57: ṅ out (kmol/hr) | Y57: Ĥ out (kJ/kmol) | Z57: ṅ out (kmol/hr) | AA57: Ĥ out (kJ/kmol)
F58: DEA | M58: Total Mole Fraction | O58: =SUM(O51:O56) -> 1 | S58: AM (v) | T58: - | U58: - | V58: - | W58: - | X58: - | Y58: - | Z58: - | AA58: -
M59: T (°C) | O59: 6 | S59: EO (v） | T59: - | U59: - | V59: - | W59: - | X59: - | Y59: - | Z59: - | AA59: -
M60: P (atm) | O60: 1 | S60: MEA (v) | T60: - | U60: - | V60: - | W60: - | X60: - | Y60: - | Z60: - | AA60: -
M61: H (kJ/hr) | O61: =Z68 -> -32268995 | S61: DEA (v) | T61: - | U61: - | V61: - | W61: - | X61: - | Y61: - | Z61: - | AA61: -
S62: TEA (v) | T62: - | U62: - | V62: - | W62: - | X62: - | Y62: - | Z62: - | AA62: -
F63: TEA | S63: EO (l) | T63: =E20 -> 68.071127 | U63: =U90 -> -26807.148 | V63: - | W63: - | X63: =H49 -> 66.709705 | Y63: =U174 -> -26807.148 | Z63: =O45 -> 1.3614225 | AA63: =U195 -> -26807.148
F64: EG | S64: MEA (l) | T64: =E21 -> 140.44148 | U64: =U111 -> -70731.298 | V64: - | W64: - | X64: - | Y64: - | Z64: =O46 -> 140.44148 | AA64: =U216 -> -70731.298
F65: Vapour Fraction | H65: 0 | S65: DEA (l) | T65: =E22 -> 0.10748073 | U65: =U132 -> -88450.69 | V65: - | W65: - | X65: - | Y65: - | Z65: =O47 -> 0.10748073 | AA65: =U237 -> -88450.69
F66: Total Mole Fraction | H66: =SUM(H55:H64) -> 1 | S66: TEA (l) | T66: - | U66: - | V66: - | W66: - | X66: - | Y66: - | Z66: - | AA66: -
F67: T (°C) | H67: 6 | S67: EG (l) | T67: - | U67: - | V67: =M21 -> 312.93014 | W67: =U153 -> -71227.987 | X67: - | Y67: - | Z67: =O49 -> 312.93014 | AA67: =U258 -> -71227.987
F68: P (atm) | H68: 1 | S68: Total Enthalpy, H (kJ/hr) | T68: =T63*U63+T64*U64+T65*U65 -> -11767908 | V68: =V67*W67 -> -22289384 | X68: =X63*Y63 -> -1788296.9 | Z68: =Z63*AA63+Z64*AA64+Z65*AA65+Z67*AA67 -> -32268995
F69: H (kJ/hr) | H69: =X68 -> -1788296.9
U71: Ĥ1
S72: C₂H₄O(v,298.15K,1atm) | W72: C₂H₄O(l,279.15K,1atm)
S73: Ĥ1a | W73: Ĥ1c
T75: C₂H₄O(v,283.85K,1atm) | U75: Ĥ1b | V75: C₂H₄O (l,283.85K,1atm)
S77: From Database, Table 1.3, at 283.85K,
S78: Ĥ1a | T78: =
S79: Ĥ1a | T79: = | U79: =(Database!$C$32*((Database!$H$11)-($V$55+273.15)))+(((Database!$D$32)*((Database!$H$11)^2-($V$55+273.15)^2))/2)+((Database!$E$32*((Database!$H$11)^3-($V$55+273.15)^3))/3)+((Database!$F$32*((Database!$H$11)^4-($V$55+273.15)^4))/4)+((Database!$G$32)*((Database!$H$11)^(5)-($V$55+273.15)^5))/5 -> -695.4862
S81: From Database, Table 1.1, at 283.85K,
S82: Ĥ1b | T82: = | U82: -ΔĤv,C₂H₄O
S83: Ĥ1b | T83: = | U83: =Database!$I$21*1000*-1 -> -25700 | V83: kJ/kmol
S85: From Database, Table 1.4, at 279.15K,
S86: Ĥ1c | T86: =
S87: Ĥ1c | T87: = | U87: =Database!$C$44*(($E$34+273.15)-(Database!$H$11))+((Database!$D$44*(($E$34+273.15)^2-(Database!$H$11)^2))/2)+((Database!$E$44*(($E$34+273.15)^3-(Database!$H$11)^3))/3)+((Database!$F$44*(($E$34+273.15)^4-(Database!$H$11)^4))/4) -> -411.66168 | V87: kJ/kmol
S89: Ĥ1 | T89: = | U89: Ĥ1a | V89: + | W89: Ĥ1b | X89: + | Y89: Ĥ1c
S90: Ĥ1 | T90: = | U90: =U87+U83+U79 -> -26807.148 | V90: kJ/kmol
U92: Ĥ2
S93: C₂H₇NO (v,298.15K,1atm) | W93: C₂H₇NO (l,279.15K,1atm)
S94: Ĥ2a | W94: Ĥ2c
T96: C₂H₇NO (v,444.15K,1atm) | U96: Ĥ2b | V96: C₂H₇NO (l,444.15K,1atm)
S98: From Database, Table 1.3, at 444.15K,
S99: Ĥ2a | T99: =
S100: Ĥ2a | T100: = | U100: =(Database!$C$33*((Database!$H$12)-($V$55+273.15)))+(((Database!$D$33)*((Database!$H$12)^2-($V$55+273.15)^2))/2)+((Database!$E$33*((Database!$H$12)^3-($V$55+273.15)^3))/3)+((Database!$F$33*((Database!$H$12)^4-($V$55+273.15)^4))/4)+((Database!$G$33)*((Database!$H$12)^(5)-($V$55+273.15)^5))/5 -> 14587.315
S102: From Database, Table 1.1, at 444.15K,
S103: Ĥ2b | T103: = | U103: -ΔĤv,C₂H₇NO
S104: Ĥ2b | T104: = | U104: =Database!$I$22*1000*-1 -> -51530 | V104: kJ/kmol
S106: From Database, Table 1.4, at 279.15K,
S107: Ĥ2c | T107: =
S108: Ĥ2c | T108: = | U108: =Database!$C$45*(($E$34+273.15)-(Database!$H$12))+((Database!$D$45*(($E$34+273.15)^2-(Database!$H$12)^2))/2)+((Database!$E$45*(($E$34+273.15)^3-(Database!$H$12)^3))/3)+((Database!$F$45*(($E$34+273.15)^4-(Database!$H$12)^4))/4) -> -33788.613 | V108: kJ/kmol
S110: Ĥ2 | T110: = | U110: Ĥ2a | V110: + | W110: Ĥ2b | X110: + | Y110: Ĥ2c
S111: Ĥ2 | T111: = | U111: =U108+U104+U100 -> -70731.298 | V111: kJ/kmol
U113: Ĥ3
S114: C₄H₁₁NO₂ (v,298.15K,1atm) | W114: C₄H₁₁NO₂ (l,279.15K,1atm)
S115: Ĥ3a | W115: Ĥ3c
T117: C₄H₁₁NO₂ (v,542.04K,1atm) | U117: Ĥ3b | V117: C₄H₁₁NO₂ (l,542.04K,1atm)
S119: From Database, Table 1.3, at 542.04K,
S120: Ĥ3a | T120: =
S121: Ĥ3a | T121: = | U121: =(Database!$C$34*((Database!$H$13)-($V$55+273.15)))+(((Database!$D$34)*((Database!$H$13)^2-($V$55+273.15)^2))/2)+((Database!$E$34*((Database!$H$13)^3-($V$55+273.15)^3))/3)+((Database!$F$34*((Database!$H$13)^4-($V$55+273.15)^4))/4)+((Database!$G$34)*((Database!$H$13)^(5)-($V$55+273.15)^5))/5 -> 44168.085
S123: From Database, Table 1.1, at 542.04K,
S124: Ĥ3b | T124: = | U124: -ΔĤv,C₄H₁₁NO₂
S125: Ĥ3b | T125: = | U125: =Database!$I$23*1000*-1 -> -64460 | V125: kJ/kmol
S127: From Database, Table 1.4, at 279.15K,
S128: Ĥ3c | T128: =
S129: Ĥ3c | T129: = | U129: =Database!$C$46*(($E$34+273.15)-(Database!$H$13))+((Database!$D$46*(($E$34+273.15)^2-(Database!$H$13)^2))/2)+((Database!$E$46*(($E$34+273.15)^3-(Database!$H$13)^3))/3)+((Database!$F$46*(($E$34+273.15)^4-(Database!$H$13)^4))/4) -> -68158.775 | V129: kJ/kmol
...

Sheet Distillation Column 3
S5: Components | T5: Molecular Weight (kg/kmol) | V5: Degree of Freedom Analysis
L6: S20 | S6: NH₃ (AM) | T6: =17.031 -> 17.031 | V6: No. unkown labeled variable = | X6: 5 | Y6: (ṅ19a, ṅ19b, ṅ20a, ṅ20b, ṅ20c)
S7: C₂H₄O (EO) | T7: 44.053 | V7: No. of material balance = | X7: -4 | Y7: (EO, MEA, DEA, EG)
S8: C₂H₇NO (MEA) | T8: 61.083 | V8: No. process specification equation = | X8: -1 | Y8: Ps (ṅ19b is 99% ṅ18b)
J9: Total Mass Flowrate (kg/hr) | L9: =L14*T8+L15*T9+L17*T11 -> 19520.66 | S9: C₄H₁₁NO₂ (DEA) | T9: 105.136 | X9: =SUM(X6:X8) -> 0 | Y9: can be solved
J10: Total Molar Flowrate (kmol/hr) | L10: =SUM(L12:L17) -> 314.44203 | S10: C₆H₁₅NO₃ (TEA) | T10: 149.188
J11: Components Molar Flowrate (kmol/hr) | S11: C₂H₆O₂ (EG) | T11: 62.07
J12: AM | V12: Ps
J13: EO | V13: ṅ19b is 99% ṅ18b
J14: MEA | K14: ṅ20a | L14: =X24 -> 1.4044148 | V14: ṅ19b | W14: = | X14: 0.99(140.4510)
J15: DEA | K15: ṅ20b | L15: =X28 -> 0.10748073 | V15: ṅ19b | W15: = | X15: =99%*E22 -> 139.03707 | Y15: kmol/hr MEA
J16: TEA
C17: Total Mass Flowrate (kg/hr) | E17: =E21*T7+E22*T8+E23*T9+E25*T11 -> 28073.436 | J17: EG | K17: ṅ20c | L17: =X32 -> 312.93014 | V17: EO Balance ( in=out )
C18: Total Molar Flowrate (kmol/hr) | E18: =SUM(E20:E25) -> 454.84052 | J18: Molar Composition | V18: ṅ18a | W18: = | X18: ṅ19a
C19: Components Molar Flowrate (kmol/hr) | J19: AM | V19: ṅ19a | W19: = | X19: =E21 -> 1.3614225 | Y19: kmol/hr EO
C20: AM | J20: EO
C21: EO | D21: ṅ18a | E21: ='Liquid-liquid Extractor '!O45 -> 1.3614225 | J21: MEA | L21: =L14/$L$10 -> 0.0044663712 | V21: MEA Balance ( in=out ）
C22: MEA | D22: ṅ18b | E22: ='Liquid-liquid Extractor '!O46 -> 140.44148 | J22: DEA | L22: =L15/$L$10 -> 0.00034181412 | V22: ṅ18b | W22: = | X22: ṅ19b | Y22: + | Z22: ṅ20a
C23: DEA | D23: ṅ18c | E23: ='Liquid-liquid Extractor '!O47 -> 0.10748073 | J23: TEA | V23: ṅ20a | W23: = | X23: 140.4510-139.0465
C24: TEA | J24: EG | L24: =L17/$L$10 -> 0.99519181 | V24: ṅ20a | W24: = | X24: =E22-X15 -> 1.4044148 | Y24: kmol/hr MEA
C25: EG | D25: ṅ18d | E25: ='Liquid-liquid Extractor '!O49 -> 312.93014 | J25: Vapour Fraction | L25: 0
C26: Molar Composition | J26: Total Mole Fraction | L26: =SUM(L19:L24) -> 1 | V26: DEA Balance ( in=out )
C27: AM | J27: T (°C) | L27: 190 | V27: ṅ18c | W27: = | X27: ṅ20b
C28: EO | E28: =E21/$E$18 -> 0.0029931866 | J28: P (atm) | L28: 1 | V28: ṅ20b | W28: = | X28: =E23 -> 0.10748073 | Y28: kmol/hr DEA
C29: MEA | E29: =E22/$E$18 -> 0.30877082 | J29: H (kJ/hr) | L29: =AA57 -> -12312097
C30: DEA | E30: =E23/$E$18 -> 0.0002363042 | V30: EG Balance ( in=out )
C31: TEA | V31: ṅ18d | W31: = | X31: ṅ20c
C32: EG | E32: =E25/$E$18 -> 0.68799968 | V32: ṅ20c | W32: = | X32: =E25 -> 312.93014 | Y32: kmol/hr HX
C33: Vapour Fraction | E33: 0
C34: Total Mole Fraction | E34: =SUM(E27:E32) -> 1
C35: T (°C) | E35: 6
C36: P (atm) | E36: 1 | V36: Energy Balance
C37: H (kJ/hr) | E37: =W57 -> -32268995 | V37: ΔĖp + ΔĖk + ΔḢ = Q̇ + Ẇs
B38: S18
V39: Assumptions:
V40: 1 | W40: There is no changes in elevation of height in each unit system, ΔĖp = 0
V41: 2 | W41: There is no changes in velocity in each unit system, ΔĖk = 0
V42: 3 | W42: There is no moving parts in each unit system, Ẇs = 0
V44: Reference state: | W44: EO,MEA,DEA,EG,(v, | Y44: 25 | Z44: °C, 1 atm)
V45: Substance | W45: Stream 18 | Y45: Stream 19 | AA45: Stream 20
W46: ṅ in (kmol/hr) | X46: Ĥ in (kJ/kmol) | Y46: ṅ out (kmol/hr) | Z46: Ĥ out (kJ/kmol) | AA46: ṅ out (kmol/hr) | AB46: Ĥ out (kJ/kmol)
V47: AM (v) | W47: - | X47: - | Y47: - | Z47: - | AA47: - | AB47: -
H48: S19 | V48: EO (v） | W48: - | X48: - | Y48: - | Z48: - | AA48: - | AB48: -
F49: Total Mass Flowrate (kg/hr) | H49: =H53*T7+H54*T8 -> 8552.776 | V49: MEA (v) | W49: - | X49: - | Y49: - | Z49: - | AA49: - | AB49: -
F50: Total Molar Flowrate (kmol/hr) | H50: =SUM(H52:H57) -> 140.39849 | V50: DEA (v) | W50: - | X50: - | Y50: - | Z50: - | AA50: - | AB50: -
F51: Components Molar Flowrate (kmol/hr) | V51: TEA (v) | W51: - | X51: - | Y51: - | Z51: - | AA51: - | AB51: -
F52: AM | V52: EO (l) | W52: =E21 -> 1.3614225 | X52: =X79 -> -26807.148 | Y52: =H53 -> 1.3614225 | Z52: =X163 -> -444.61248 | AA52: - | AB52: -
F53: EO | G53: ṅ19a | H53: =X19 -> 1.3614225 | V53: MEA (l) | W53: =E22 -> 140.44148 | X53: =X100 -> -70731.298 | Y53: =H54 -> 139.03707 | Z53: =X184 -> -38269.437 | AA53: =L14 -> 1.4044148 | AB53: =X205 -> -32674.39
F54: MEA | G54: ṅ19b | H54: =X15 -> 139.03707 | V54: DEA (l) | W54: =E23 -> 0.10748073 | X54: =X121 -> -88450.69 | Y54: - | Z54: - | AA54: =L15 -> 0.10748073 | AB54: =X226 -> -42276.727
F55: DEA | V55: TEA (l) | W55: - | X55: - | Y55: - | Z55: - | AA55: - | AB55: -
F56: TEA | V56: EG (l) | W56: =E25 -> 312.93014 | X56: =X142 -> -71227.987 | Y56: - | Z56: - | AA56: =L17 -> 312.93014 | AB56: =X247 -> -39183.395
F57: EG | V57: Total Enthalpy, H (kJ/hr) | W57: =W52*X52+W53*X53+W54*X54+W56*X56 -> -32268995 | Y57: =Y52*Z52+Y53*Z53 -> -5321475.7 | AA57: =AA53*AB53+AA54*AB54+AA56*AB56 -> -12312097
F58: Molar Composition
F59: AM
F60: EO | H60: =H53/$H$50 -> 0.009696846 | X60: Ĥ1
F61: MEA | H61: =H54/$H$50 -> 0.99030315 | V61: C₂H₄O (v,298.15K,1atm) | Z61: C₂H₄O (l,279.15K,1atm)
F62: DEA | V62: Ĥ1a | Z62: Ĥ1c
F63: TEA
F64: EG | W64: C₂H₄O (v,283.85K,1atm) | X64: Ĥ1b | Y64: C₂H₄O (l,283.85K,1atm)
F65: Vapour Fraction | H65: 0
F66: Total Mole Fraction | H66: =SUM(H59:H64) -> 1 | V66: From Database, Table 1.3, at 283.85K,
F67: T (°C) | H67: 165 | V67: Ĥ1a | W67: =
F68: P (atm) | H68: 1 | V68: Ĥ1a | W68: = | X68: =(Database!$C$32*((Database!$H$11)-($Y$44+273.15)))+(((Database!$D$32)*((Database!$H$11)^2-($Y$44+273.15)^2))/2)+((Database!$E$32*((Database!$H$11)^3-($Y$44+273.15)^3))/3)+((Database!$F$32*((Database!$H$11)^4-($Y$44+273.15)^4))/4)+((Database!$G$32)*((Database!$H$11)^(5)-($Y$44+273.15)^5))/5 -> -695.4862 | Y68: kJ/kmol
F69: H (kJ/hr) | H69: =Y57 -> -5321475.7
V70: From Database, Table 1.1, at 283.85K,
V71: Ĥ1b | W71: = | X71: -ΔĤv,C₂H₄O
V72: Ĥ1b | W72: = | X72: =Database!$I$21*1000*-1 -> -25700 | Y72: kJ/kmol
V74: From Database, Table 1.4, at 279.15K,
V75: Ĥ1c | W75: =
V76: Ĥ1c | W76: = | X76: =Database!$C$44*(($E$35+273.15)-(Database!$H$11))+((Database!$D$44*(($E$35+273.15)^2-(Database!$H$11)^2))/2)+((Database!$E$44*(($E$35+273.15)^3-(Database!$H$11)^3))/3)+((Database!$F$44*(($E$35+273.15)^4-(Database!$H$11)^4))/4) -> -411.66168 | Y76: kJ/kmol
V78: Ĥ1 | W78: = | X78: Ĥ1a | Y78: + | Z78: Ĥ1b | AA78: + | AB78: Ĥ1c
V79: Ĥ1 | W79: = | X79: =X76+X72+X68 -> -26807.148 | Y79: kJ/kmol
X81: Ĥ2
V82: C₂H₇NO (v,298.15K,1atm) | Z82: C₂H₇NO (l,279.15K,1atm)
V83: Ĥ2a | Z83: Ĥ2c
W85: C₂H₇NO (v,444.15K,1atm) | X85: Ĥ2b | Y85: C₂H₇NO (l,444.15K,1atm)
V87: From Database, Table 1.3, at 444.15K,
V88: Ĥ2a | W88: =
V89: Ĥ2a | W89: = | X89: =(Database!$C$33*((Database!$H$12)-($Y$44+273.15)))+(((Database!$D$33)*((Database!$H$12)^2-($Y$44+273.15)^2))/2)+((Database!$E$33*((Database!$H$12)^3-($Y$44+273.15)^3))/3)+((Database!$F$33*((Database!$H$12)^4-($Y$44+273.15)^4))/4)+((Database!$G$33)*((Database!$H$12)^(5)-($Y$44+273.15)^5))/5 -> 14587.315 | Y89: kJ/kmol
V91: From Database, Table 1.1, at 444.15K,
V92: Ĥ2b | W92: = | X92: -ΔĤv,C₂H₇NO
V93: Ĥ2b | W93: = | X93: =Database!$I$22*1000*-1 -> -51530 | Y93: kJ/kmol
V95: From Database, Table 1.4, at 279.15K,
V96: Ĥ2c | W96: =
V97: Ĥ2c | W97: = | X97: =Database!$C$45*(($E$35+273.15)-(Database!$H$12))+((Database!$D$45*(($E$35+273.15)^2-(Database!$H$12)^2))/2)+((Database!$E$45*(($E$35+273.15)^3-(Database!$H$12)^3))/3)+((Database!$F$45*(($E$35+273.15)^4-(Database!$H$12)^4))/4) -> -33788.613 | Y97: kJ/kmol
V99: Ĥ2 | W99: = | X99: Ĥ2a | Y99: + | Z99: Ĥ2b | AA99: + | AB99: Ĥ2c
V100: Ĥ2 | W100: = | X100: =X97+X93+X89 -> -70731.298 | Y100: kJ/kmol
X102: Ĥ3
V103: C₄H₁₁NO₂ (v,298.15K,1atm) | Z103: C₄H₁₁NO₂ (l,279.15K,1atm)
V104: Ĥ3a | Z104: Ĥ3c
W106: C₄H₁₁NO₂ (v,542.04K,1atm) | X106: Ĥ3b | Y106: C₄H₁₁NO₂ (l,542.04K,1atm)
V108: From Database, Table 1.3, at 542.04K,
V109: Ĥ3a | W109: =
V110: Ĥ3a | W110: = | X110: =(Database!$C$34*((Database!$H$13)-($Y$44+273.15)))+(((Database!$D$34)*((Database!$H$13)^2-($Y$44+273.15)^2))/2)+((Database!$E$34*((Database!$H$13)^3-($Y$44+273.15)^3))/3)+((Database!$F$34*((Database!$H$13)^4-($Y$44+273.15)^4))/4)+((Database!$G$34)*((Database!$H$13)^(5)-($Y$44+273.15)^5))/5 -> 44168.085 | Y110: kJ/kmol
V112: From Database, Table 1.1, at 542.04K,
V113: Ĥ3b | W113: = | X113: -ΔĤv,C₄H₁₁NO₂
V114: Ĥ3b | W114: = | X114: =Database!$I$23*1000*-1 -> -64460 | Y114: kJ/kmol
V116: From Database, Table 1.4, at 279.15K,
V117: Ĥ3c | W117: =
V118: Ĥ3c | W118: = | X118: =Database!$C$46*(($E$35+273.15)-(Database!$H$13))+((Database!$D$46*(($E$35+273.15)^2-(Database!$H$13)^2))/2)+((Database!$E$46*(($E$35+273.15)^3-(Database!$H$13)^3))/3)+((Database!$F$46*(($E$35+273.15)^4-(Database!$H$13)^4))/4) -> -68158.775 | Y118: kJ/kmol
...

Sheet Heater 4
H4: Total Mass Flowrate (kg/hr) | J4: =J8*Q6 -> 2938.7626 | P4: Components | Q4: Molecular Weight (kg/kmol) | S4: Degree of Freedom Analysis
H5: Total Molar Flowrate (kmol/hr) | J5: =SUM(J7:J12) -> 66.709705 | P5: NH₃ (AM) | Q5: =17.031 -> 17.031 | S5: No. unkown labeled variable = | T5: 1 | U5: (ṅ21)
H6: Components Molar Flowrate (kmol/hr) | P6: C₂H₄O (EO) | Q6: 44.053 | S6: No. material balance spesies = | T6: -1 | U6: (EO)
H7: AM | P7: C₂H₇NO (MEA) | Q7: 61.083 | S7: No. process specification equation = | T7: 0 | U7: Ps
H8: EO | I8: ṅ17 | J8: ='Liquid-liquid Extractor '!H49 -> 66.709705 | P8: C₄H₁₁NO₂ (DEA) | Q8: 105.136 | T8: =SUM(T5:T7) -> 0 | U8: can be solved
H9: MEA | P9: C₆H₁₅NO₃ (TEA) | Q9: 149.188
H10: DEA | P10: C₂H₆O₂ (EG) | Q10: 62.07
H11: TEA | S11: EO Balance ( in=out )
H12: EG | S12: ṅ17 | T12: = | U12: ṅ21
H13: Molar Composition | S13: =J8 -> 66.709705 | T13: = | U13: ṅ21
H14: AM | S14: ṅ21 | T14: = | U14: =S13 -> 66.709705 | V14: kmol/hr EO
H15: EO | J15: =J8/$J$5 -> 1
H16: MEA
H17: DEA | S17: Energy Balance
H18: TEA | S18: ΔĖp + ΔĖk + ΔḢ = Q̇ + Ẇs
H19: EG
H20: Vapour Fraction | J20: 0 | S20: Assumptions:
H21: Total Mole Fraction | J21: =SUM(J14:J19) -> 1 | S21: 1 | T21: There is no changes in elevation of height in each unit system, ΔĖp = 0
H22: T (°C) | J22: 6 | S22: 2 | T22: There is no changes in velocity in each unit system, ΔĖk = 0
H23: P (atm) | J23: 1 | S23: 3 | T23: There is no moving parts in each unit system, Ẇs = 0
G24: S17 | H24: H (kJ/hr) | J24: =T40 -> -1788296.9
S25: Reference state: | T25: EO (v, | U25: 25 | V25: °C, 1 atm)
S26: Substance | T26: Stream 17 | V26: Stream 21
T27: ṅ in (kmol/hr) | U27: Ĥ in (kJ/kmol) | V27: ṅ out (kmol/hr) | W27: Ĥ out (kJ/kmol)
S28: AM (l) | T28: - | U28: - | V28: - | W28: -
S29: EO (l) | T29: =J8 -> 66.709705 | U29: =U61 -> -26807.148 | V29: - | W29: -
S30: MEA (l) | T30: - | U30: - | V30: - | W30: -
K31: Total Mass Flowrate (kg/hr) | M31: =M35*Q6 -> 2938.7626 | S31: DEA (l) | T31: - | U31: - | V31: - | W31: -
K32: Total Molar Flowrate (kmol/hr) | M32: =SUM(M34:M39) -> 66.709705 | S32: TEA (l) | T32: - | U32: - | V32: - | W32: -
K33: Components Molar Flowrate (kmol/hr) | S33: EG (l) | T33: - | U33: - | V33: - | W33: -
K34: AM | S34: AM (v) | T34: - | U34: - | V34: - | W34: -
K35: EO | L35: ṅ21 | M35: =U14 -> 66.709705 | S35: EO (v) | T35: - | U35: - | V35: =M35 -> 66.709705 | W35: =U68 -> 22197.989
K36: MEA | S36: MEA (v) | T36: - | U36: - | V36: - | W36: -
K37: DEA | S37: DEA (v) | T37: - | U37: - | V37: - | W37: -
K38: TEA | S38: TEA (v) | T38: - | U38: - | V38: - | W38: -
K39: EG | S39: EG (v) | T39: - | U39: - | V39: - | W39: -
K40: Molar Composition | S40: Total Enthalpy, H (kJ/hr) | T40: =T29*U29 -> -1788296.9 | V40: =V35*W35 -> 1480821.3
K41: AM | N41: S21
K42: EO | M42: =M35/$J$5 -> 1 | U42: Ĥ1
K43: MEA | S43: C₂H₄O(v,298.15K,1atm) | W43: C₂H₄O(l,279.15K,1atm)
K44: DEA | S44: Ĥ1a | W44: Ĥ1c
K45: TEA
K46: EG | T46: C₂H₄O(v,283.85K,1atm) | V46: C₂H₄O(l,283.85K,1atm)
K47: Vapour Fraction | M47: 1 | U47: Ĥ1b
K48: Total Mole Fraction | M48: =SUM(M41:M46) -> 1 | S48: From Database, Table 1.3, at 283.85K,
K49: T (°C) | M49: 350 | S49: Ĥ1a | T49: =
K50: P (atm) | M50: 1 | S50: Ĥ1a | T50: = | U50: =(Database!$C$32*((Database!$H$11)-($U$25+273.15)))+(((Database!$D$32)*((Database!$H$11)^2-($U$25+273.15)^2))/2)+((Database!$E$32*((Database!$H$11)^3-($U$25+273.15)^3))/3)+((Database!$F$32*((Database!$H$11)^4-($U$25+273.15)^4))/4)+((Database!$G$32)*((Database!$H$11)^(5)-($U$25+273.15)^5))/5 -> -695.4862 | V50: kJ/kmol
K51: H (kJ/hr) | M51: =V40 -> 1480821.3
S52: From Database, Table 1.1, at 283.85K,
S53: Ĥ1b | T53: = | U53: -ΔĤv,C₂H₄O
S54: Ĥ1b | T54: = | U54: =Database!$I$21*1000*-1 -> -25700 | V54: kJ/kmol
S56: From Database, Table 1.4, at 279.15K,
S57: Ĥ1c | T57: =
S58: Ĥ1c | T58: = | U58: =Database!$C$44*(($J$22+273.15)-(Database!$H$11))+((Database!$D$44*(($J$22+273.15)^2-(Database!$H$11)^2))/2)+((Database!$E$44*(($J$22+273.15)^3-(Database!$H$11)^3))/3)+((Database!$F$44*(($J$22+273.15)^4-(Database!$H$11)^4))/4) -> -411.66168 | V58: kJ/kmol
S60: Ĥ1 | T60: = | U60: Ĥ1a | V60: + | W60: Ĥ1b | X60: + | Y60: Ĥ1c
S61: Ĥ1 | T61: = | U61: =U58+U54+U50 -> -26807.148 | V61: kJ/kmol
T63: Ĥ2
S64: C₂H₄O (v,298.15K,1atm) | U64: C₂H₄O (v,623.15K,1atm)
S66: From Database, Table 1.3, at 623.15K,
S67: Ĥ2 | T67: =
S68: Ĥ2 | T68: = | U68: =(Database!$C$32*(($M$49+273.15)-($U$25+273.15)))+(((Database!$D$32)*(($M$49+273.15)^2-($U$25+273.15)^2))/2)+((Database!$E$32*(($M$49+273.15)^3-($U$25+273.15)^3))/3)+((Database!$F$32*(($M$49+273.15)^4-($U$25+273.15)^4))/4)+((Database!$G$32)*(($M$49+273.15)^(5)-($U$25+273.15)^5))/5 -> 22197.989 | V68: kJ/kmol

Sheet Holding Tank
J4: Total Mass Flowrate (kg/hr) | L4: =L8*P6 -> 12626.263 | O4: Components | P4: Molecular Weight (kg/kmol) | R4: Degree of Freedom Analysis
J5: Total Molar Flowrate (kmol/hr) | L5: =SUM(L7:L12) -> 286.61527 | O5: NH₃ (AM) | P5: =17.031 -> 17.031 | R5: No. unkown labeled variable = | S5: 1 | T5: (ṅ4)
H6: S5 | J6: Components Molar Flowrate (kmol/hr) | O6: C₂H₄O (EO) | P6: 44.053 | R6: No. material balance spesies = | S6: -1 | T6: (EO)
C7: Total Mass Flowrate (kg/hr) | E7: =E11*P6 -> 9687.5 | J7: AM | O7: C₂H₇NO (MEA) | P7: 61.083 | R7: No. process specification equation = | S7: 0 | T7: Ps
C8: Total Molar Flowrate (kmol/hr) | E8: =SUM(E10:E15) -> 219.90557 | J8: EO | K8: ṅ5 | L8: =Reactor!F44 -> 286.61527 | O8: C₄H₁₁NO₂ (DEA) | P8: 105.136 | S8: =SUM(S5:S7) -> 0 | T8: can be solved
C9: Components Molar Flowrate (kmol/hr) | J9: MEA | O9: C₆H₁₅NO₃ (TEA) | P9: 149.188
C10: AM | J10: DEA | O10: C₂H₆O₂ (EG) | P10: 62.07 | R10: EO Balance ( in=out )
C11: EO | D11: ṅ4 | E11: =V13 -> 219.90557 | J11: TEA | R11: ṅ4 | S11: + | T11: ṅ21 | U11: = | V11: ṅ5
C12: MEA | J12: EG | T12: ṅ4 | U12: = | V12: 286.6348-66.7142
C13: DEA | J13: Molar Composition | T13: ṅ4 | U13: = | V13: =L8-H41 -> 219.90557 | W13: kmol/hr EO
C14: TEA | J14: AM
C15: EG | J15: EO | L15: =L8/$L$5 -> 1 | R15: Energy Balance
C16: Molar Composition | J16: MEA | R16: ΔĖp + ΔĖk + ΔḢ = Q̇ + Ẇs
C17: AM | J17: DEA
C18: EO | E18: =E11/$E$8 -> 1 | J18: TEA | R18: Assumptions:
C19: MEA | J19: EG | R19: 1 | S19: There is no changes in elevation of height in each unit system, ΔĖp = 0
C20: DEA | J20: Vapour Fraction | L20: 1 | R20: 2 | S20: There is no changes in velocity in each unit system, ΔĖk = 0
C21: TEA | J21: Total Mole Fraction | L21: =SUM(L14:L19) -> 1 | R21: 3 | S21: There is no moving parts in each unit system, Ẇs = 0
C22: EG | J22: T (°C) | L22: 350
C23: Vapour Fraction | E23: 1 | J23: P (atm) | L23: 1 | R23: Reference state: | S23: EO (v, | U23: 25 | V23: °C, 1 atm)
C24: Total Mole Fraction | E24: =SUM(E17:E22) -> 1 | J24: H (kJ/hr) | L24: =W38 -> 6362282.8 | R24: Substance | S24: Stream 4 | U24: Stream 21 | W24: Stream 5
C25: T (°C) | E25: 350 | S25: ṅ in (kmol/hr) | T25: Ĥ in (kJ/kmol) | U25: ṅ in (kmol/hr) | V25: Ĥ in (kJ/kmol) | W25: ṅ out (kmol/hr) | X25: Ĥ out (kJ/kmol)
C26: P (atm) | E26: 1 | R26: AM (l) | S26: - | T26: - | U26: - | V26: - | W26: - | X26: -
C27: H (kJ/hr) | E27: =S38 -> 4881461.5 | R27: EO (l) | S27: - | T27: - | U27: - | V27: - | W27: - | X27: -
R28: MEA (l) | S28: - | T28: - | U28: - | V28: - | W28: - | X28: -
B29: S4 | R29: DEA (l) | S29: - | T29: - | U29: - | V29: - | W29: - | X29: -
R30: TEA (l) | S30: - | T30: - | U30: - | V30: - | W30: - | X30: -
R31: EG (l) | S31: - | T31: - | U31: - | V31: - | W31: - | X31: -
R32: AM (g) | S32: - | T32: - | U32: - | V32: - | W32: - | X32: -
R33: EO (v) | S33: =E11 -> 219.90557 | T33: =T48 -> 22197.989 | U33: =H41 -> 66.709705 | V33: =T55 -> 22197.989 | W33: =L8 -> 286.61527 | X33: =T62 -> 22197.989
R34: MEA (v) | S34: - | T34: - | U34: - | V34: - | W34: - | X34: -
H35: S21 | R35: DEA (v) | S35: - | T35: - | U35: - | V35: - | W35: - | X35: -
R36: TEA (v) | S36: - | T36: - | U36: - | V36: - | W36: - | X36: -
F37: Total Mass Flowrate (kg/hr) | H37: =H41*P6 -> 2938.7626 | R37: EG (v) | S37: - | T37: - | U37: - | V37: - | W37: - | X37: -
F38: Total Molar Flowrate (kmol/hr) | H38: =SUM(H40:H45) -> 66.709705 | R38: Total Enthalpy, H (kJ/hr) | S38: =S33*T33 -> 4881461.5 | U38: =U33*V33 -> 1480821.3 | W38: =W33*X33 -> 6362282.8
F39: Components Molar Flowrate (kmol/hr)
F40: AM
F41: EO | G41: ṅ21 | H41: ='Heater 4'!M35 -> 66.709705 | S41: Ĥ1
F42: MEA | R42: C₂H₄O(v,298.15K,1atm) | T42: C₂H₄O(v,623.15K,1atm)
F43: DEA
F44: TEA | R44: From Database, Table 1.3, at 623.15K,
F45: EG
F46: Molar Composition | R46: Ĥ1 | S46: =
F47: AM
F48: EO | H48: =H41/$H$38 -> 1 | R48: Ĥ1 | S48: = | T48: =(Database!$C$32*(($E$25+273.15)-($U$23+273.15)))+(((Database!$D$32)*(($E$25+273.15)^2-($U$23+273.15)^2))/2)+((Database!$E$32*(($E$25+273.15)^3-($U$23+273.15)^3))/3)+((Database!$F$32*(($E$25+273.15)^4-($U$23+273.15)^4))/4)+((Database!$G$32)*(($E$25+273.15)^(5)-($U$23+273.15)^5))/5 -> 22197.989 | U48: kJ/kmol
F49: MEA
F50: DEA | S50: Ĥ2
F51: TEA | R51: C₂H₄O(v,298.15K,1atm) | T51: C₂H₄O(v,623.15K,1atm)
F52: EG
F53: Vapour Fraction | H53: 1 | R53: From Database, Table 1.3, at 623.15K,
F54: Total Mole Fraction | H54: =SUM(H47:H52) -> 1 | R54: Ĥ2 | S54: =
F55: T (°C) | H55: 350 | R55: Ĥ2 | S55: = | T55: =(Database!$C$32*(($H$55+273.15)-($U$23+273.15)))+(((Database!$D$32)*(($H$55+273.15)^2-($U$23+273.15)^2))/2)+((Database!$E$32*(($H$55+273.15)^3-($U$23+273.15)^3))/3)+((Database!$F$32*(($H$55+273.15)^4-($U$23+273.15)^4))/4)+((Database!$G$32)*(($H$55+273.15)^(5)-($U$23+273.15)^5))/5 -> 22197.989 | U55: kJ/kmol
F56: P (atm) | H56: 1
F57: H (kJ/hr) | H57: =U38 -> 1480821.3 | S57: Ĥ3
R58: C₂H₄O(v,298.15K,1atm) | T58: C₂H₄O(v,623.15K,1atm)
R60: From Database, Table 1.3, at 623.15K,
R61: Ĥ3 | S61: =
R62: Ĥ3 | S62: = | T62: =(Database!$C$32*(($L$22+273.15)-($U$23+273.15)))+(((Database!$D$32)*(($L$22+273.15)^2-($U$23+273.15)^2))/2)+((Database!$E$32*(($L$22+273.15)^3-($U$23+273.15)^3))/3)+((Database!$F$32*(($L$22+273.15)^4-($U$23+273.15)^4))/4)+((Database!$G$32)*(($L$22+273.15)^(5)-($U$23+273.15)^5))/5 -> 22197.989 | U62: kJ/kmol

Sheet Heater 2
U3: Components | V3: Molecular Weight (kg/kmol) | X3: Degree of Freedom Analysis
U4: NH₃ (AM) | V4: =17.031 -> 17.031 | X4: No. unkown labeled variable = | Y4: 1 | Z4: (ṅ2)
U5: C₂H₄O (EO) | V5: 44.053 | X5: No. material balance spesies = | Y5: -1 | Z5: (EO)
U6: C₂H₇NO (MEA) | V6: 61.083 | X6: No. process specification equation = | Y6: 0 | Z6: Ps
U7: C₄H₁₁NO₂ (DEA) | V7: 105.136 | Y7: =SUM(Y4:Y6) -> 0 | Z7: can be solved
J8: S2 | S8: S4 | U8: C₆H₁₅NO₃ (TEA) | V8: 149.188
U9: C₂H₆O₂ (EG) | V9: 62.07
X10: EO Balance ( in=out )
G11: Total Mass Flowrate (kg/hr) | I11: =I15*V5 -> 9687.5 | P11: Total Mass Flowrate (kg/hr) | R11: =R15*V5 -> 9687.5 | X11: ṅ2 | Y11: = | Z11: ṅ4
G12: Total Molar Flowrate (kmol/hr) | I12: =SUM(I14:I19) -> 219.90557 | P12: Total Molar Flowrate (kmol/hr) | R12: =SUM(R14:R19) -> 219.90557 | X12: ṅ2 | Y12: = | Z12: =R15 -> 219.90557 | AA12: kmol/hr EO
G13: Components Molar Flowrate (kmol/hr) | P13: Components Molar Flowrate (kmol/hr)
G14: AM | P14: AM | X14: Energy Balance
G15: EO | H15: ṅ2 | I15: =Z12 -> 219.90557 | P15: EO | Q15: ṅ4 | R15: ='Holding Tank'!E11 -> 219.90557 | X15: ΔĖp + ΔĖk + ΔḢ = Q̇ + Ẇs
G16: MEA | P16: MEA
G17: DEA | P17: DEA | X17: Assumptions:
G18: TEA | P18: TEA | X18: 1 | Y18: There is no changes in elevation of height in each unit system, ΔĖp = 0
G19: EG | P19: EG | X19: 2 | Y19: There is no changes in velocity in each unit system, ΔĖk = 0
G20: Molar Composition | P20: Molar Composition | X20: 3 | Y20: There is no moving parts in each unit system, Ẇs = 0
G21: AM | P21: AM
G22: EO | I22: =I15/$I$12 -> 1 | P22: EO | R22: =R15/$R$12 -> 1 | X22: Reference state: | Y22: EO (v, | Z22: 25 | AA22: °C, 1 atm)
G23: MEA | P23: MEA | X23: Substance | Y23: Stream 2 | AA23: Stream 4
G24: DEA | P24: DEA | Y24: ṅ in (kmol/hr) | Z24: Ĥ in (kJ/kmol) | AA24: ṅ out (kmol/hr) | AB24: Ĥ out (kJ/kmol)
G25: TEA | P25: TEA | X25: AM (l) | Y25: - | Z25: - | AA25: - | AB25: -
G26: EG | P26: EG | X26: EO (l) | Y26: - | Z26: - | AA26: - | AB26: -
G27: Vapour Fraction | I27: 1 | P27: Vapour Fraction | R27: 1 | X27: MEA (l) | Y27: - | Z27: - | AA27: - | AB27: -
G28: Total Mole Fraction | I28: =SUM(I21:I26) -> 1 | P28: Total Mole Fraction | R28: =SUM(R21:R26) -> 1 | X28: DEA (l) | Y28: - | Z28: - | AA28: - | AB28: -
G29: T (°C) | I29: 25 | P29: T (°C) | R29: 350 | X29: TEA (l) | Y29: - | Z29: - | AA29: - | AB29: -
G30: P (atm) | I30: 1 | P30: P (atm) | R30: 1 | X30: EG (l) | Y30: - | Z30: - | AA30: - | AB30: -
G31: H (kJ/hr) | I31: =Y37 -> 0 | P31: H (kJ/hr) | R31: =AA37 -> 4881461.5 | X31: AM (v) | Y31: - | Z31: - | AA31: - | AB31: -
X32: EO (v) | Y32: =I15 -> 219.90557 | Z32: =Z44 -> 0 | AA32: =R15 -> 219.90557 | AB32: =Z51 -> 22197.989
X33: MEA (v) | Y33: - | Z33: - | AA33: - | AB33: -
X34: DEA (v) | Y34: - | Z34: - | AA34: - | AB34: -
X35: TEA (v) | Y35: - | Z35: - | AA35: - | AB35: -
X36: EG (v) | Y36: - | Z36: - | AA36: - | AB36: -
X37: Total Enthalpy, H (kJ/hr) | Y37: =Y32*Z32 -> 0 | AA37: =AA32*AB32 -> 4881461.5
Y39: Ĥ1
X40: C₂H₄O (v,298.15K,1atm) | Z40: C₂H₄O(v,298.15K,1atm)
X42: Since the properties match the reference state,
X43: Ĥ1 | Y43: =
X44: Ĥ1 | Y44: = | Z44: =(Database!$C$32*(($I$29+273.15)-($Z$22+273.15)))+(((Database!$D$32)*(($I$29+273.15)^2-($Z$22+273.15)^2))/2)+((Database!$E$32*(($I$29+273.15)^3-($Z$22+273.15)^3))/3)+((Database!$F$32*(($I$29+273.15)^4-($Z$22+273.15)^4))/4)+((Database!$G$32)*(($I$29+273.15)^(5)-($Z$22+273.15)^5))/5 -> 0 | AA44: kJ/kmol
Y46: Ĥ2
X47: C₂H₄O( v,298.15K,1atm) | Z47: C₂H₄O (v,623.15K,1atm)
X49: From Database, Table 1.3, at 298.15K,
X50: Ĥ2 | Y50: =
X51: Ĥ2 | Y51: = | Z51: =(Database!$C$32*(($R$29+273.15)-($Z$22+273.15)))+(((Database!$D$32)*(($R$29+273.15)^2-($Z$22+273.15)^2))/2)+((Database!$E$32*(($R$29+273.15)^3-($Z$22+273.15)^3))/3)+((Database!$F$32*(($R$29+273.15)^4-($Z$22+273.15)^4))/4)+((Database!$G$32)*(($R$29+273.15)^(5)-($Z$22+273.15)^5))/5 -> 22197.989 | AA51: kJ/kmol

Sheet Heater 1
H3: Total Mass Flowrate (kg/hr) | J3: =J4*X4 -> 7322.0171 | R3: Total Mass Flowrate (kg/hr) | T3: =T4*X4 -> 7322.0171 | W3: Components | X3: Molecular Weight (kg/kmol) | Z3: Degree of Freedom Analysis
H4: Total Molar Flowrate (kmol/hr) | J4: =SUM(J6:J11) -> 429.92291 | R4: Total Molar Flowrate (kmol/hr) | T4: =SUM(T6:T11) -> 429.92291 | W4: NH₃ (AM) | X4: =17.031 -> 17.031 | Z4: No. unkown labeled variable = | AA4: 1 | AB4: (ṅ1)
H5: Components Molar Flowrate (kmol/hr) | R5: Components Molar Flowrate (kmol/hr) | W5: C₂H₄O (EO) | X5: 44.053 | Z5: No. material balance spesies = | AA5: -1 | AB5: (AM)
H6: AM | I6: ṅ1 | J6: =AB11 -> 429.92291 | R6: AM | S6: ṅ3 | T6: =Reactor!D14 -> 429.92291 | W6: C₂H₇NO (MEA) | X6: 61.083 | Z6: No. process specification equation = | AA6: 0 | AB6: Ps
H7: EO | R7: EO | W7: C₄H₁₁NO₂ (DEA) | X7: 105.136 | AA7: =SUM(AA4:AA6) -> 0 | AB7: can be solved
H8: MEA | R8: MEA | W8: C₆H₁₅NO₃ (TEA) | X8: 149.188
H9: DEA | R9: DEA | W9: C₂H₆O₂ (EG) | X9: 62.07 | Z9: AM Balance ( in=out )
H10: TEA | R10: TEA | Z10: ṅ1 | AA10: = | AB10: ṅ3
H11: EG | R11: EG | Z11: ṅ1 | AA11: = | AB11: =T6 -> 429.92291 | AC11: kmol / hr AM
H12: Molar Composition | R12: Molar Composition
H13: AM | J13: =J6/$J$4 -> 1 | R13: AM | T13: =T6/$T$4 -> 1
H14: EO | R14: EO | Z14: Energy Balance
H15: MEA | R15: MEA | Z15: ΔĖp + ΔĖk + ΔḢ = Q̇ + Ẇs
H16: DEA | R16: DEA
H17: TEA | R17: TEA | Z17: Assumptions:
H18: EG | R18: EG | Z18: 1 | AA18: There is no changes in elevation of height in each unit system, ΔĖp = 0
H19: Vapour Fraction | J19: 1 | R19: Vapour Fraction | T19: 1 | Z19: 2 | AA19: There is no changes in velocity in each unit system, ΔĖk = 0
H20: Total Mole Fraction | J20: =SUM(J13:J18) -> 1 | R20: Total Mole Fraction | T20: =SUM(T13:T18) -> 1 | Z20: 3 | AA20: There is no moving parts in each unit system, Ẇs = 0
H21: T (°C) | J21: 25 | R21: T (°C) | T21: 350
H22: P (atm) | J22: 1 | R22: P (atm) | T22: 1 | Z22: Reference state: | AA22: AM, (v, | AB22: 25 | AC22: °C, 1atm)
G23: S1 | H23: H (kJ/hr) | J23: =AA35 -> 0 | R23: H (kJ/hr) | T23: =AC35 -> 5670422 | Z23: Substance | AA23: Stream 1 | AC23: Stream 3
U24: S3 | AA24: ṅ in (kmol/hr) | AB24: Ĥ in (kJ/kmol) | AC24: ṅ in (kmol/hr) | AD24: Ĥ in (kJ/kmol)
Z25: AM (l) | AA25: - | AB25: - | AC25: - | AD25: -
Z26: EO (l) | AA26: - | AB26: - | AC26: - | AD26: -
Z27: MEA (l) | AA27: - | AB27: - | AC27: - | AD27: -
Z28: DEA (l) | AA28: - | AB28: - | AC28: - | AD28: -
Z29: TEA (l) | AA29: =J6 -> 429.92291 | AB29: =AB46 -> 0 | AC29: =T6 -> 429.92291 | AD29: =AB56 -> 13189.393
Z30: EO (v) | AA30: - | AB30: - | AC30: - | AD30: -
Z31: MEA (v) | AA31: - | AB31: - | AC31: - | AD31: -
Z32: DEA (v) | AA32: - | AB32: - | AC32: - | AD32: -
Z33: TEA (v) | AA33: - | AB33: - | AC33: - | AD33: -
Z34: EG (v) | AA34: - | AB34: - | AC34: - | AD34: -
Z35: Total Enthalpy, H (kJ/hr) | AA35: =AA29*AB29 -> 0 | AC35: =AC29*AD29 -> 5670422
AA40: Ĥ1
Z41: NH₃ (v, 298.15K, 1atm) | AB41: NH₃ (v,298.15, 1atm)
Z44: Since the properties match the reference state,
Z45: Ĥ1 | AA45: =
Z46: Ĥ1 | AA46: = | AB46: =(Database!$C$31*(($J$21+273.15)-($AB$22+273.15)))+(((Database!$D$31)*(($J$21+273.15)^2-($AB$22+273.15)^2))/2)+((Database!$E$31*(($J$21+273.15)^3-($AB$22+273.15)^3))/3)+((Database!$F$31*(($J$21+273.15)^4-($AB$22+273.15)^4))/4)+((Database!$G$31)*(($J$21+273.15)^(5)-($AB$22+273.15)^5))/5 -> 0 | AC46: kJ/kmol
AA50: Ĥ2
Z51: NH₃ (v, 298.15K, 1atm) | AB51: NH₃ (v, 623.15, 1atm)
Z54: From Database, Table 1.3, at 623.15K,
Z55: Ĥ2 | AA55: =
Z56: Ĥ2 | AA56: = | AB56: =(Database!$C$31*(($T$21+273.15)-($AB$22+273.15)))+(((Database!$D$31)*(($T$21+273.15)^2-($AB$22+273.15)^2))/2)+((Database!$E$31*(($T$21+273.15)^3-($AB$22+273.15)^3))/3)+((Database!$F$31*(($T$21+273.15)^4-($AB$22+273.15)^4))/4)+((Database!$G$31)*(($T$21+273.15)^(5)-($AB$22+273.15)^5))/5 -> 13189.393 | AC56: kJ/kmol

Sheet Heat Exchanger
H3: S23 | K3: Total Mass Flowrate (kg/hr) | M3: =AE104*3600 -> 71184.369
K4: Total Molar Flowrate (kmol/hr) | M4: =SUM(M6:M11) -> 428.8215
K5: Components Molar Flowrate (kmol/hr)
K6: AM | L6: ṅ10 | M6: =M3/AA19 -> 428.8215
K7: EO
C8: Total Mass Flowrate (kg/hr) | E8: =E11*AA13 -> 4393.2102 | K8: MEA
C9: Total Molar Flowrate (kmol/hr) | E9: =SUM(E11:E16) -> 257.95375 | K9: DEA
C10: Components Molar Flowrate (kmol/hr) | K10: TEA
C11: AM | D11: ṅ8 | E11: ='Phase Separator'!L5 -> 257.95375 | K11: EG
C12: EO | K12: Molar Composition | Z12: Components | AA12: Molecular Weight (kg/kmol) | AC12: Degree of Freedom Analysis
C13: MEA | K13: AM | M13: =M6/M4 -> 1 | Z13: NH₃ (AM) | AA13: =17.031 -> 17.031 | AC13: No. unkown labeled variable = | AD13: 1 | AE13: (ṅ10)
C14: DEA | K14: EO | Z14: C₂H₄O (EO) | AA14: 44.053 | AC14: No. material balance spesies = | AD14: -1 | AE14: (AM)
C15: TEA | K15: MEA | Z15: C₂H₇NO (MEA) | AA15: 61.083 | AC15: No. process specification equation = | AD15: 0 | AE15: Ps
C16: EG | K16: DEA | Z16: C₄H₁₁NO₂ (DEA) | AA16: 105.136 | AD16: =SUM(AD13:AD15) -> 0 | AE16: can be solved
C17: Molar Composition | K17: TEA | Z17: C₆H₁₅NO₃ (TEA) | AA17: 149.188
C18: AM | E18: =E11/$E$9 -> 1 | K18: EG | Z18: C₂H₆O₂ (EG) | AA18: 62.07 | AC18: AM Balance ( in=out )
C19: EO | K19: Vapour Fraction | M19: 0 | Z19: Therminol VP-1 (TVP) | AA19: 166 | AC19: =E11 -> 257.95375 | AE19: ṅ10
C20: MEA | K20: Total Mole Fraction | M20: =SUM(M13:M18) -> 1 | AC20: ṅ10 | AD20: = | AE20: =AC19 -> 257.95375 | AF20: kmol/hr AM
C21: DEA | K21: T (°C) | M21: 70
C22: TEA | K22: P (atm) | M22: 1 | AC22: Energy Balance
C23: EG | K23: H (kJ/hr) | M23: =AJ46 -> 4711132.2 | AC23: ΔĖp + ΔĖk + ΔḢ = Q̇ + Ẇs
C24: Vapour Fraction | E24: 1
C25: Total Mole Fraction | E25: =SUM(E18:E23) -> 1 | AC25: Assumptions:
C26: T (°C) | E26: 10 | AC26: 1 | AD26: There is no changes in elevation of height in each unit system, ΔĖp = 0
C27: P (atm) | E27: 1 | AC27: 2 | AD27: There is no changes in velocity in each unit system, ΔĖk = 0
C28: H (kJ/hr) | E28: =AD46 -> -138511.7 | AC28: 3 | AD28: There is no moving parts in each unit system, Ẇs = 0
T29: S10
B30: S8 | AC30: Reference state: | AD30: AM(v, | AF30: 25 | AG30: °C, 1 atm)
AC31: Substance | AD31: Stream 8 | AF31: Stream 10 | AH31: Stream 22 | AJ31: Stream 23
AD32: ṅ in (kmol/hr) | AE32: Ĥ in (kJ/kmol) | AF32: ṅ out (kmol/hr) | AG32: Ĥ out (kJ/kmol) | AH32: ṅ in (kg/s) | AI32: Ĥ in (kJ/kmol) | AJ32: ṅ out (kg/s) | AK32: Ĥ out (kJ/kg)
Q33: Total Mass Flowrate (kg/hr) | S33: =S36*AA13 -> 4393.2102 | AC33: AM (v) | AD33: =E11 -> 257.95375 | AE33: =AE54 -> -536.96332 | AF33: - | AG33: - | AH33: - | AI33: - | AJ33: - | AK33: -
Q34: Total Molar Flowrate (kmol/hr) | S34: =SUM(S36:S41) -> 257.95375 | AC34: EO (v) | AD34: - | AE34: - | AF34: - | AG34: - | AH34: - | AI34: - | AJ34: - | AK34: -
Q35: Components Molar Flowrate (kmol/hr) | AC35: MEA (v) | AD35: - | AE35: - | AF35: - | AG35: - | AH35: - | AI35: - | AJ35: - | AK35: -
Q36: AM | R36: ṅ10 | S36: =AE20 -> 257.95375 | AC36: DEA (v) | AD36: - | AE36: - | AF36: - | AG36: - | AH36: - | AI36: - | AJ36: - | AK36: -
E37: Total Mass Flowrate (kg/hr) | G37: =AE104*3600 -> 71184.369 | Q37: EO | AC37: TEA (v) | AD37: - | AE37: - | AF37: - | AG37: - | AH37: - | AI37: - | AJ37: - | AK37: -
E38: Total Molar Flowrate (kmol/hr) | G38: =SUM(G40:G45) -> 428.8215 | Q38: MEA | AC38: TVP (v) | AH38: - | AI38: - | AJ38: =AE104 -> 19.773436 | AK38: =AE97 -> 66.182115
E39: Components Molar Flowrate (kmol/hr) | Q39: DEA | AC39: AM (l) | AD39: - | AE39: - | AF39: =S36 -> 257.95375 | AG39: =AE76 -> -18800.44 | AH39: - | AI39: - | AJ39: - | AK39: -
E40: AM | F40: ṅ22 | G40: =G37/AA19 -> 428.8215 | Q40: TEA | AC40: EO (l) | AD40: - | AE40: - | AF40: - | AG40: - | AH40: - | AI40: - | AJ40: - | AK40: -
E41: EO | Q41: EG | AC41: MEA (l) | AD41: - | AE41: - | AF41: - | AG41: - | AH41: - | AI41: - | AJ41: - | AK41: -
E42: MEA | Q42: Molar Composition | AC42: DEA (l) | AD42: - | AE42: - | AF42: - | AG42: - | AH42: - | AI42: - | AJ42: - | AK42: -
E43: DEA | Q43: AM | S43: =S36/$S$34 -> 1 | AC43: TEA (l) | AD43: - | AE43: - | AF43: - | AG43: - | AH43: - | AI43: - | AJ43: - | AK43: -
E44: TEA | Q44: EO | AC44: EG (v) | AD44: - | AE44: - | AF44: - | AG44: - | AH44: - | AI44: - | AJ44: - | AK44: -
E45: EG | Q45: MEA | AC45: TVP(l) | AH45: =AE104 -> 19.773436 | AI45: 0 | AJ45: - | AK45: -
E46: Molar Composition | Q46: DEA | AC46: Total Enthalpy, H (kJ/hr) | AD46: =AD33*AE33 -> -138511.7 | AF46: =AF39*AG39 -> -4849643.8 | AH46: =AH45*AI45 -> 0 | AJ46: =AJ38*AK38*3600 -> 4711132.2
E47: AM | G47: =G40/G38 -> 1 | Q47: TEA
E48: EO | Q48: EG
E49: MEA | Q49: Vapour Fraction | S49: 0 | AD49: Ĥ1
E50: DEA | Q50: Total Mole Fraction | S50: =SUM(S43:S48) -> 1 | AC50: NH₃ (v,298.15K,1atm) | AF50: NH₃ (v,283.15K,1atm)
E51: TEA | Q51: T (°C) | S51: 50
E52: EG | Q52: P (atm) | S52: 1 | AC52: From Database, Table 1.3, at 283.15K,
E53: Vapour Fraction | G53: 0 | Q53: H (kJ/hr) | S53: =AF46 -> -4849643.8 | AC53: Ĥ1 | AD53: =
E54: Total Mole Fraction | G54: =SUM(G47:G52) -> 1 | AC54: Ĥ1 | AD54: = | AE54: =(Database!$C$31*(($E$26+273.15)-($AF$30+273.15)))+(((Database!$D$31)*(($E$26+273.15)^2-($AF$30+273.15)^2))/2)+((Database!$E$31*(($E$26+273.15)^3-($AF$30+273.15)^3))/3)+((Database!$F$31*(($E$26+273.15)^4-($AF$30+273.15)^4))/4)+((Database!$G$31)*(($E$26+273.15)^(5)-($AF$30+273.15)^5))/5 -> -536.96332 | AF54: kJ/kmol
E55: T (°C) | G55: 230
E56: P (atm) | G56: 1
E57: H (kJ/hr) | G57: =AH46 -> 0 | J57: S22 | AE57: Ĥ2
AC58: NH₃ (v,298.15,1atm) | AG58: NH₃ (l,323.15,1atm)
AG59: Ĥ2c
AC60: Ĥ2a
AD61: NH₃ (v,239.72,1atm) | AE61: Ĥ2b | AF61: NH₃ (l,239.72,1atm)
AC63: From Database, Table 1.3, at 239.72K,
AC64: Ĥ2a | AD64: =
AC65: Ĥ2a | AD65: = | AE65: =(Database!$C$31*((Database!$H$10)-($AF$30+273.15)))+(((Database!$D$31)*((Database!$H$10)^2-($AF$30+273.15)^2))/2)+((Database!$E$31*((Database!$H$10)^3-($AF$30+273.15)^3))/3)+((Database!$F$31*((Database!$H$10)^4-($AF$30+273.15)^4))/4)+((Database!$G$31)*((Database!$H$10)^(5)-($AF$30+273.15)^5))/5 -> -2064.4338 | AF65: kJ/kmol
AC67: From Database, Table 1.1, at 239.72K,
AC68: Ĥ2b | AD68: = | AE68: -ΔĤv,NH₃
AC69: Ĥ2b | AD69: = | AE69: =Database!$I$10*-1*1000 -> -23351 | AF69: kJ/kmol
AC71: From Database, Table 1.4, at 323.15K,
AC72: Ĥ2c | AD72: =
AC73: Ĥ2c | AD73: = | AE73: =Database!$C$43*((S51+273.15)-(Database!$H$10))+((Database!$D$43*((S51+273.15)^2-(Database!$H$10)^2))/2)+((Database!$E$43*((S51+273.15)^3-(Database!$H$10)^3))/3)+((Database!$F$43*((S51+273.15)^4-(Database!$H$10)^4))/4) -> 6614.9941 | AF73: kJ/kmol
AC75: Ĥ2 | AD75: = | AE75: Ĥ2a | AF75: + | AG75: Ĥ2b | AH75: + | AJ75: Ĥ2c
AC76: Ĥ2 | AD76: = | AE76: =AE73+AE69+AE65 -> -18800.44 | AF76: kJ/kmol
AC79: TVP (l,503.15K,1atm) | AG79: TVP (v,343.15K,1atm)
AD82: TVP (l,530.15,1atm) | AF82: TVP (v,530.15,1atm)
AC84: From Database, Table 1.3, at 239.72K,
AD85: =
AD86: = | AE86: =((Database!C49*(257+273.15-230-273.15))+((((Database!D49)*(257+273.15)^2)/2)-((Database!D49)*(230+273.15)^2)/2)+((((Database!E49)*(257+273.15)^3)/3)-((Database!E49)*(230+273.15)^3)/3))/1000 -> 60.433337 | AF86: kJ/kg
AC88: From Database, Table 1.1, at 239.72K,
AD89: =
AD90: = | AE90: =Database!I16 -> 294.2995 | AF90: kJ/kg
AC92: From Database, Table 1.4, at 323.15K,
AD93: =
AD94: = | AE94: =((Database!C37*(70+273.15-257-273.15))+((((Database!D37)*(70+273.15)^2)/2)-((Database!D37)*(257+273.15)^2)/2)+((((Database!E37)*(70+273.15)^3)/3)-((Database!E37)*(257+273.15)^3)/3)+((((Database!F37)*(70+273.15)^4)/4)-((Database!F37)*(257+273.15)^4)/4)+((((Database!G37)*(70+273.15)^5)/5)-((Database!G37)*(257+273.15)^5)/5)+((((Database!H37)*(70+273.15)^6)/6)-((Database!H37)*(257+273.15)^6)/6))/1000 -> -288.55072 | AF94: kJ/kg
AD96: = | AF96: + | AH96: +
AD97: = | AE97: =AE86+AE90+AE94 -> 66.182115 | AF97: kJ/kg
AC99: Q̇ | AD99: = | AE99: =(AF46-AD46)/3600*1000 -> -1308647.8 | AF99: J/s | AG99: (heat release)
AC100: ṁc | AD100: = | AE100: =S34*AA13/3600 -> 1.2203362 | AF100: kg/s
AC102: Mass flow rate required for TVP
AC103: =-AE99 -> 1308647.8 | AD103: = | AE103: ṁc*Ĥ3
AC104: ṁh | AD104: = | AE104: =AC103/(AE97*1000) -> 19.773436 | AF104: kg/s

Sheet ∆Tm Calculation
B2: Tc,i | C2: 10 | D2: °C
B3: Tc,o | C3: 50 | D3: °C
B4: Th,i | C4: 230 | D4: °C
B5: Th,o | C5: 70 | D5: °C
B6: Tb,c | C6: =(C2+C3)/2 -> 30 | D6: °C
B7: Tb,h | C7: =(C4+C5)/2 -> 150 | D7: °C
B8: ∆Tlm | C8: =((C4-C3)-(C5-C2))/LN((C4-C3)/(C5-C2)) -> 109.22871 | D8: °C
B9: Z | C9: =(C4-C5)/(C3-C2) -> 4
B10: Y | C10: =(C3-C2)/(C4-C2) -> 0.18181818
B11: From Figure 4.9-4 (b)
B12: FT | C12: 0.98 | D12: .
B13: ∆Tm | C13: =C8*C12 -> 107.04413 | D13: °C
B16: S1 (NH₃,vapour)
B17: Temperature, T (°C) | C17: Density, ρ (kg/m³) | D17: Cp (J/kg K) | E17: Dynamic Viscosity, μ (kg/m·s) | F17: Thermal Conductivity, k (W/m·K) | G17: Prandtl Number,Npr
B18: =C6 -> 30 | C18: 9.055 | D18: 3232 | E18: =1.057*10^-5 -> 1.057e-05 | F18: 0.02748 | G18: 1.244
B20: S2 (Therminol VP-1,liquid)
B21: Temperature, T (°C) | C21: Density, ρ (kg/m³) | D21: Cp (J/kg K) | E21: Dynamic Viscosity, μ (kg/m·s) | F21: Thermal Conductivity, k (W/m·K) | G21: Prandtl Number,Npr
B22: 150 | C22: 957 | D22: 1913 | E22: =0.585*10^-3 -> 0.000585 | F22: 0.1212 | G22: =D22*E22/F22 -> 9.2335396
B24: S3 (NH₃,liquid)
B25: Temperature, T (°C) | C25: Density, ρ (kg/m³) | D25: Cp (J/kg K) | E25: Dynamic Viscosity, μ (kg/m·s) | F25: Thermal Conductivity, k (W/m·K) | G25: Prandtl Number,Npr
B26: 30 | C26: 595.2 | D26: 4828 | E26: =1.361*10^-4 -> 0.0001361 | F26: 0.4695 | G26: 1.399
B28: S4 (Therminol VP-1,vapour)
B29: Temperature, T (°C) | C29: Density, ρ (kg/m³) | D29: Cp (J/kg K) | E29: Dynamic Viscosity, μ (kg/m·s) | F29: Thermal Conductivity, k (W/m·K) | G29: Prandtl Number,Npr
B30: 150 | C30: 0.214 | D30: 1420 | E30: =0.0085*10^-3 -> 8.5e-06 | F30: 0.0154 | G30: =(D30*E30)/F30 -> 0.78376623
B32: Cold Stream (NH₃,vapour and liquid)
B33: Temperature, T (°C) | C33: Density, ρ (kg/m³) | D33: Cp (J/kg K) | E33: Dynamic Viscosity, μ (kg/m·s) | F33: Thermal Conductivity, k (W/m·K) | G33: Prandtl Number,Npr | H33: Heat of vaporization, ∆Hv (J/kg)
B34: 30 | C34: =(C18+C26)/2 -> 302.1275 | D34: =(D18+D26)/2 -> 4030 | E34: =(E18+E26)/2 -> 7.3335e-05 | F34: =(F18+F26)/2 -> 0.24849 | G34: =(G18+G26)/2 -> 1.3215 | H34: =1144*1000 -> 1144000
B36: Hot Stream (Therminol VP-1,vapour and liquid)
B37: Temperature, T (°C) | C37: Density, ρ (kg/m³) | D37: Cp (J/kg K) | E37: Dynamic Viscosity, μ (kg/m·s) | F37: Thermal Conductivity, k (W/m·K) | G37: Prandtl Number,Npr | H37: Heat of vaporization, ∆Hv (J/kg)
B38: =(B22+B30)/2 -> 150 | C38: =(C22+C30)/2 -> 478.607 | D38: =(D22+D30)/2 -> 1666.5 | E38: =(E22+E30)/2 -> 0.00029675 | F38: =(F22+F30)/2 -> 0.0683 | G38: =(G22+G30)/2 -> 5.0086529 | H38: =347.6*1000 -> 347600

Sheet Iteration 1 of HEX
B1: From Table A.3-16
B2: Copper Tube
B3: k | C3: = | D3: 384.7 | E3: W/mK
B4: Tube | F4: Shell
B5: OD,t | C5: 0.75 | D5: in | F5: ID,s | G5: 12 | H5: in
B6: OD,t | C6: =C5/39.3701 -> 0.01904999 | D6: m | F6: ID,s | G6: =G5/39.3701 -> 0.30479984 | H6: m
B7: ID,t | C7: 0.482 | D7: in
B8: ID,t | C8: =C7/39.3701 -> 0.012242793 | D8: m
B11: Tube Calculation (TVP) | L11: Shell Calculation (NH₃,)
B12: Uₒ | C12: = | D12: 575 | E12: W/m²K | G12: Fauling Factor | L12: Bs | M12: = | N12: 0.3ID,s | O12: m
B13: Q | C13: = | D13: UAT∆Tm | E13: W | G13: hdi | H13: =1/0.0001763 -> 5672.1497 | I13: W/m²K | L13: Bs | M13: = | N13: =0.3*G6 -> 0.091439951 | O13: m
G14: hdo | H14: 2000 | I14: W/m²K
B15: AT | C15: = | D15: Q/U∆Tm | E15: m² | L15: Ac,s | M15: = | N15: (ID,s*Bs(Sp-OD,t))/Sp | P15: m²
B16: AT | C16: = | D16: =-'Heat Exchanger'!AE99/('Iteration 1 of HEX'!D12*'∆Tm Calculation'!C13) -> 21.26141 | E16: m² | G16: R | H16: = | I16: ln(r2/r1)/2πkLe | J16: K/W | L16: Ac,s | M16: = | N16: =(G6*N13*(I21-C6)/I21) -> 0.0069677205 | O16: m²
G17: R | H17: = | I17: =LN(C5/C7)/(2*PI()*D3*D19) -> 3.0005585e-05 | J17: K/W
B18: Le | C18: = | D18: 20 | E18: ft
B19: Le | C19: = | D19: =D18/3.28084 -> 6.0959998 | E19: m | G19: Np | H19: = | I19: 4
G20: Sp | H20: = | I20: 1 | J20: in | L20: De | M20: = | N20: =(3.46*I21^2)/(PI()*C6)-C6 -> 0.018249118 | O20: m
B21: At | C21: = | D21: πOD,tLe | E21: m² | G21: Sp | H21: = | I21: =I20/39.3701 -> 0.025399986 | J21: m
B22: At | C22: = | D22: =PI()*C6*D19 -> 0.36482918 | E22: m² | L22: vₒ | M22: = | N22: ṁ/ρₒAc,s
L23: vₒ | M23: = | N23: ='Heat Exchanger'!AE100/('∆Tm Calculation'!C34*N16) -> 0.57969361
B24: Nt | C24: = | D24: AT/At
B25: Nt | C25: = | D25: =D16/D22 -> 58.277714 | L25: NRe | M25: = | N25: ṁDe/μAc,s
B26: Nt | C26: = | D26: =ROUNDUP(D25,0) -> 59 | L26: NRe | M26: = | N26: =('Heat Exchanger'!AE100*N20)/('∆Tm Calculation'!E34*N16) -> 43583.224
B28: Ao | C28: = | D28: πOD,tLeNt | E28: m²
B29: Ao | C29: = | D29: =PI()*C6*D19*D26 -> 21.524921 | E29: m²
B31: Ai | C31: = | D31: πID,tLeNt | E31: m² | L31: ho | M31: = | N31: =0.36*N26^0.55*'∆Tm Calculation'!G34^(1/3)*('∆Tm Calculation'!F34/N20) -> 1915.8032 | O31: W/m²K
B32: Ai | C32: = | D32: =PI()*C8*D19*D26 -> 13.833349 | E32: m²
L33: U₁ | M33: = | N33: =1/(1/N31+1/H14+((D29*I17/D26)+(D29/D32)*(1/H13+1/D47))) -> 670.29422 | O33: W/m²K
B34: Ac,t | C34: = | D34: (πID²/4)(Nt/Np) | E34: m²
B35: Ac,t | C35: = | D35: =(PI()*C8^2*D26)/(4*I19) -> 0.0017363727 | E35: m² | L35: Percentage error (%) | M35: = | N35: =ABS((N33-D12)/D12*100) -> 16.572908 | O35: %
B37: vᵢ | C37: = | D37: ṁ/ρAc,t | E37: m/s
B38: vᵢ | C38: = | D38: ='Heat Exchanger'!AE104/((PI()*C8^2)/4*'∆Tm Calculation'!C38)*(I19/D26) -> 23.7936 | E38: m/s
B40: NReᵢ | C40: = | D40: ID,t*v*ρ/μ
B41: NReᵢ | C41: = | D41: =(C8*D38*'∆Tm Calculation'!C38/'∆Tm Calculation'!E38) -> 469817.29
B43: By using Dittus-Boelter correlation,
B47: hi | C47: = | D47: =0.023*D41^0.8*'∆Tm Calculation'!G38^0.4*'∆Tm Calculation'!F38/C8 -> 8427.516 | E47: W/m²K

Sheet Iteration 2 of HEX
B1: From Table A.3-16
B2: Copper Tube
B3: k | C3: = | D3: 384.7 | E3: W/mK
B4: Tube | F4: Shell
B5: OD,t | C5: 0.75 | D5: in | F5: ID,s | G5: 12 | H5: in
B6: OD,t | C6: =C5/39.3701 -> 0.01904999 | D6: m | F6: ID,s | G6: =G5/39.3701 -> 0.30479984 | H6: m
B7: ID,t | C7: 0.482 | D7: in
B8: ID,t | C8: =C7/39.3701 -> 0.012242793 | D8: m
B11: Tube Calculation (TVP) | L11: Shell Calculation (NH₃,)
B12: Uₒ | C12: = | D12: ='Iteration 1 of HEX'!N33 -> 670.29422 | E12: W/m²K | G12: Fauling Factor | L12: Bs | M12: = | N12: 0.3ID,s | O12: m
B13: Q | C13: = | D13: UAT∆Tm | E13: W | G13: hdi | H13: =1/0.0001763 -> 5672.1497 | I13: W/m²K | L13: Bs | M13: = | N13: =0.3*G6 -> 0.091439951 | O13: m
G14: hdo | H14: 2000 | I14: W/m²K
B15: AT | C15: = | D15: Q/U∆Tm | E15: m² | L15: Ac,s | M15: = | N15: (ID,s*Bs(Sp-OD,t))/Sp | P15: m²
B16: AT | C16: = | D16: =-'Heat Exchanger'!AE99/('Iteration 1 of HEX'!D12*'∆Tm Calculation'!C13) -> 21.26141 | E16: m² | G16: R | H16: = | I16: ln(r2/r1)/2πkLe | J16: K/W | L16: Ac,s | M16: = | N16: =(G6*N13*(I21-C6)/I21) -> 0.0069677205 | O16: m²
G17: R | H17: = | I17: =LN(C5/C7)/(2*PI()*D3*D19) -> 3.0005585e-05 | J17: K/W
B18: Le | C18: = | D18: 20 | E18: ft
B19: Le | C19: = | D19: =D18/3.28084 -> 6.0959998 | E19: m | G19: Np | H19: = | I19: 4
G20: Sp | H20: = | I20: 1 | J20: in | L20: De | M20: = | N20: =(3.46*I21^2)/(PI()*C6)-C6 -> 0.018249118 | O20: m
B21: At | C21: = | D21: πOD,tLe | E21: m² | G21: Sp | H21: = | I21: =I20/39.3701 -> 0.025399986 | J21: m
B22: At | C22: = | D22: =PI()*C6*D19 -> 0.36482918 | E22: m² | L22: vₒ | M22: = | N22: ṁ/ρₒAc,s
L23: vₒ | M23: = | N23: ='Heat Exchanger'!AE100/('∆Tm Calculation'!C34*N16) -> 0.57969361
B24: Nt | C24: = | D24: AT/At
B25: Nt | C25: = | D25: =D16/D22 -> 58.277714 | L25: NRe | M25: = | N25: ṁDe/μAc,s
B26: Nt | C26: = | D26: =ROUNDUP(D25,0) -> 59 | L26: NRe | M26: = | N26: =('Heat Exchanger'!AE100*N20)/('∆Tm Calculation'!E34*N16) -> 43583.224
B28: Ao | C28: = | D28: πOD,tLeNt | E28: m²
B29: Ao | C29: = | D29: =PI()*C6*D19*D26 -> 21.524921 | E29: m²
B31: Ai | C31: = | D31: πID,tLeNt | E31: m² | L31: ho | M31: = | N31: =0.36*N26^0.55*'∆Tm Calculation'!G34^(1/3)*('∆Tm Calculation'!F34/N20) -> 1915.8032 | O31: W/m²K
B32: Ai | C32: = | D32: =PI()*C8*D19*D26 -> 13.833349 | E32: m²
L33: U₁ | M33: = | N33: =1/(1/N31+1/H14+((D29*I17/D26)+(D29/D32)*(1/H13+1/D47))) -> 670.29422 | O33: W/m²K
B34: Ac,t | C34: = | D34: (πID²/4)(Nt/Np) | E34: m²
B35: Ac,t | C35: = | D35: =(PI()*C8^2*D26)/(4*I19) -> 0.0017363727 | E35: m² | L35: Percentage error (%) | M35: = | N35: =ABS((N33-D12)/D12*100) -> 0 | O35: %
B37: vᵢ | C37: = | D37: ṁ/ρAc,t | E37: m/s
B38: vᵢ | C38: = | D38: ='Heat Exchanger'!AE104/((PI()*C8^2)/4*'∆Tm Calculation'!C38)*(I19/D26) -> 23.7936 | E38: m/s
B40: NReᵢ | C40: = | D40: ID,t*v*ρ/μ
B41: NReᵢ | C41: = | D41: =(C8*D38*'∆Tm Calculation'!C38/'∆Tm Calculation'!E38) -> 469817.29
B43: By using Dittus-Boelter correlation,
B47: hi | C47: = | D47: =0.023*D41^0.8*'∆Tm Calculation'!G38^0.4*'∆Tm Calculation'!F38/C8 -> 8427.516 | E47: W/m²K

Sheet No. stages of DC1
B2: Calculation
B5: 1. Identify light key and heavy key
C7: Component | D7: Molar mass(kg/kmol) | E7: Feed | H7: Distillate | K7: Bottom
E8: xF | F8: (kmol/hr) | G8: (kg/hr) | H8: xD=yD | I8: (kmol/hr) | J8: (kg/hr) | K8: xW | L8: (kmol/hr) | M8: (kg/hr)
C9: EO | D9: ='Distillation Column 1 '!R8 -> 44.053 | E9: ='Distillation Column 1 '!G24 -> 0.28358209 | F9: ='Distillation Column 1 '!G17 -> 68.071127 | G9: =F9*D9 -> 2998.7374 | H9: ='Distillation Column 1 '!N16 -> 0.32629229 | I9: ='Distillation Column 1 '!N9 -> 68.071127 | J9: =I9*D9 -> 2998.7374 | K9: ='Distillation Column 1 '!I55 -> 0 | L9: ='Distillation Column 1 '!I48 -> 0 | M9: =L9*D9 -> 0
B10: (L) | C10: MEA | D10: ='Distillation Column 1 '!R9 -> 61.083 | E10: ='Distillation Column 1 '!G25 -> 0.59701493 | F10: ='Distillation Column 1 '!G18 -> 143.30764 | G10: =F10*D10 -> 8753.6604 | H10: ='Distillation Column 1 '!N17 -> 0.67319251 | I10: ='Distillation Column 1 '!N10 -> 140.44148 | J10: =I10*D10 -> 8578.5872 | K10: ='Distillation Column 1 '!I56 -> 0.091220068 | L10: ='Distillation Column 1 '!I49 -> 2.8661527 | M10: =L10*D10 -> 175.07321
B11: (K) | C11: DEA | D11: ='Distillation Column 1 '!R10 -> 105.136 | E11: ='Distillation Column 1 '!G26 -> 0.044776119 | F11: ='Distillation Column 1 '!G19 -> 10.748073 | G11: =F11*D11 -> 1130.0094 | H11: ='Distillation Column 1 '!N18 -> 0.00051519835 | I11: ='Distillation Column 1 '!N11 -> 0.10748073 | J11: =I11*D11 -> 11.300094 | K11: ='Distillation Column 1 '!I57 -> 0.3386545 | L11: ='Distillation Column 1 '!I50 -> 10.640592 | M11: =L11*D11 -> 1118.7093
C12: TEA | D12: ='Distillation Column 1 '!R11 -> 149.188 | E12: ='Distillation Column 1 '!G27 -> 0.074626866 | F12: ='Distillation Column 1 '!G20 -> 17.913455 | G12: =F12*D12 -> 2672.4725 | H12: ='Distillation Column 1 '!N19 -> 0 | I12: ='Distillation Column 1 '!N12 -> 0 | J12: =I12*D12 -> 0 | K12: ='Distillation Column 1 '!I58 -> 0.57012543 | L12: ='Distillation Column 1 '!I51 -> 17.913455 | M12: =L12*D12 -> 2672.4725
C13: Total | E13: =SUM(E9:E12) -> 1 | F13: =SUM(F9:F12) -> 240.04029 | G13: =SUM(G9:G12) -> 15554.88 | H13: =SUM(H9:H12) -> 1 | I13: =SUM(I9:I12) -> 208.62009 | J13: =SUM(J9:J12) -> 11588.625 | K13: =SUM(K9:K12) -> 1 | L13: =SUM(L9:L12) -> 31.420199 | M13: =SUM(M9:M12) -> 3966.2549
B17: 2. Calculate the boiling point temperature of the feed stream
B19: Tfeed = | C19: ='Distillation Column 1 '!G31 -> 10 | D19: °C = | E19: ='Distillation Column 1 '!G31+273.15 -> 283.15 | F19: K
B20: Pfeed = | C20: ='Distillation Column 1 '!G32 -> 1 | D20: atm
B22: By using Antoine Equation, partial pressure of each component is calculated by assuming a boiling point temperature. The temperature which yields a sum of the partial pressure of each component equals the pressure of the feed stream is the boiling point temperature of the feed stream.
B24: ANTOINE EQUATION
B26: T (℃) | C26: T (K) | D26: Psat,EO (mmHg) | E26: Psat,MEA (mmHg) | F26: Psat,DEA (mmHg) | G26: Psat, TEA (mmHg) | H26: Ptotal (mmHg) | I26: Ptotal (atm)
B27: 250 | C27: =B27+273.15 -> 523.15 | D27: =10^(Database!$C$56+Database!$D$56/C27+Database!$E$56*LOG10(C27)+Database!$F$56*C27+Database!$G$56*C27^2) -> 109067.35 | E27: =10^(Database!$C$57+Database!$D$57/C27+Database!$E$57*LOG10(C27)+Database!$F$57*C27+Database!$G$57*C27^2) -> 5941.1132 | F27: =10^(Database!$C$58+Database!$D$58/C27+Database!$E$58*LOG10(C27)+Database!$F$58*C27+Database!$G$58*C27^2) -> 446.7675 | G27: =10^(Database!$C$59+Database!$D$59/C27+Database!$E$59*LOG10(C27)+Database!$F$59*C27+Database!$G$59*C27^2) -> 59.502647 | H27: =D27*$E$9+E27*$E$10+F27*$E$11+G27*$E$12 -> 34500.925 | I27: =H27/760 -> 45.395954
B28: 100 | C28: =B28+273.15 -> 373.15 | D28: =10^(Database!$C$56+Database!$D$56/C28+Database!$E$56*LOG10(C28)+Database!$F$56*C28+Database!$G$56*C28^2) -> 10326.033 | E28: =10^(Database!$C$57+Database!$D$57/C28+Database!$E$57*LOG10(C28)+Database!$F$57*C28+Database!$G$57*C28^2) -> 48.158951 | F28: =10^(Database!$C$58+Database!$D$58/C28+Database!$E$58*LOG10(C28)+Database!$F$58*C28+Database!$G$58*C28^2) -> 0.47660879 | G28: =10^(Database!$C$59+Database!$D$59/C28+Database!$E$59*LOG10(C28)+Database!$F$59*C28+Database!$G$59*C28^2) -> 0.017614019 | H28: =D28*$E$9+E28*$E$10+F28*$E$11+G28*$E$12 -> 2957.0522 | I28: =H28/760 -> 3.8908581
B29: 45 | C29: =B29+273.15 -> 318.15 | D29: =10^(Database!$C$56+Database!$D$56/C29+Database!$E$56*LOG10(C29)+Database!$F$56*C29+Database!$G$56*C29^2) -> 2532.466 | E29: =10^(Database!$C$57+Database!$D$57/C29+Database!$E$57*LOG10(C29)+Database!$F$57*C29+Database!$G$57*C29^2) -> 1.811831 | F29: =10^(Database!$C$58+Database!$D$58/C29+Database!$E$58*LOG10(C29)+Database!$F$58*C29+Database!$G$58*C29^2) -> 0.0040512306 | G29: =10^(Database!$C$59+Database!$D$59/C29+Database!$E$59*LOG10(C29)+Database!$F$59*C29+Database!$G$59*C29^2) -> 5.880493e-05 | H29: =D29*$E$9+E29*$E$10+F29*$E$11+G29*$E$12 -> 719.24386 | I29: =H29/760 -> 0.94637351
B30: 46.819 | C30: =B30+273.15 -> 319.969 | D30: =10^(Database!$C$56+Database!$D$56/C30+Database!$E$56*LOG10(C30)+Database!$F$56*C30+Database!$G$56*C30^2) -> 2675.568 | E30: =10^(Database!$C$57+Database!$D$57/C30+Database!$E$57*LOG10(C30)+Database!$F$57*C30+Database!$G$57*C30^2) -> 2.0677915 | F30: =10^(Database!$C$58+Database!$D$58/C30+Database!$E$58*LOG10(C30)+Database!$F$58*C30+Database!$G$58*C30^2) -> 0.0049099877 | G30: =10^(Database!$C$59+Database!$D$59/C30+Database!$E$59*LOG10(C30)+Database!$F$59*C30+Database!$G$59*C30^2) -> 7.4010095e-05 | H30: =D30*$E$9+E30*$E$10+F30*$E$11+G30*$E$12 -> 759.97789 | I30: =H30/760 -> 0.99997091
B32: Calc Tbp = | C32: =B30 -> 46.819 | D32: °C = | E32: =C30 -> 319.969 | F32: K
B34: 3. Identify q by comparing Tfeed and the boiling point temperature of the feed stream
B36: Since Tbp > Tfeed, feed is cold and q > 1
B44: At Tfeed,
B45: Component | C45: xiF | D45: ∆ĤF (kJ/ mol) | E45: xiF∆ĤF (kJ/mol) | F45: ∆Ĥv (kJ/mol) | G45: xi ∆Ĥv (kJ/mol)
B46: EO | C46: ='Distillation Column 1 '!G24 -> 0.28358209 | D46: =(Database!C44*(($E$32)-('Distillation Column 1 '!$G$31+273.15))+((Database!D44*(($E$32)^2-('Distillation Column 1 '!$G$31+273.15)^2))/2)+((Database!E44*(($E$32)^3-('Distillation Column 1 '!$G$31+273.15)^3))/3)+((Database!F44*(($E$32)^4-('Distillation Column 1 '!$G$31+273.15)^4))/4))/1000 -> 3.3315142 | E46: =C46*D46 -> 0.94475776 | F46: 25.7 | G46: =F46*C46 -> 7.2880597
B47: MEA | C47: ='Distillation Column 1 '!G25 -> 0.59701493 | D47: =(Database!C45*(($E$32)-('Distillation Column 1 '!$G$31+273.15))+((Database!D45*(($E$32)^2-('Distillation Column 1 '!$G$31+273.15)^2))/2)+((Database!E45*(($E$32)^3-('Distillation Column 1 '!$G$31+273.15)^3))/3)+((Database!F45*(($E$32)^4-('Distillation Column 1 '!$G$31+273.15)^4))/4))/1000 -> 7.1360708 | E47: =C47*D47 -> 4.2603408 | F47: 51.53 | G47: =F47*C47 -> 30.764179
B48: DEA | C48: ='Distillation Column 1 '!G26 -> 0.044776119 | D48: =(Database!C46*(($E$32)-('Distillation Column 1 '!$G$31+273.15))+((Database!D46*(($E$32)^2-('Distillation Column 1 '!$G$31+273.15)^2))/2)+((Database!E46*(($E$32)^3-('Distillation Column 1 '!$G$31+273.15)^3))/3)+((Database!F46*(($E$32)^4-('Distillation Column 1 '!$G$31+273.15)^4))/4))/1000 -> 8.7847012 | E48: =C48*D48 -> 0.39334483 | F48: 64.46 | G48: =F48*C48 -> 2.8862687
B49: TEA | C49: ='Distillation Column 1 '!G27 -> 0.074626866 | D49: =(Database!C47*(($E$32)-('Distillation Column 1 '!$G$31+273.15))+((Database!D47*(($E$32)^2-('Distillation Column 1 '!$G$31+273.15)^2))/2)+((Database!E47*(($E$32)^3-('Distillation Column 1 '!$G$31+273.15)^3))/3)+((Database!F47*(($E$32)^4-('Distillation Column 1 '!$G$31+273.15)^4))/4))/1000 -> 13.841734 | E49: =C49*D49 -> 1.0329652 | F49: 70.68 | G49: =F49*C49 -> 5.2746269
B50: Total | C50: =SUM(C46:C49) -> 1 | D50: - | E50: =SUM(E46:E49) -> 6.6314086 | F50: - | G50: =SUM(G46:G49) -> 46.213134
B52: q | C52: = | D52: [(HV - HL) + CpL (Tbp - Tfeed)] / (HV - HL)
B54: q | C54: = | D54: =(G50+E50)/G50 -> 1.1434962
B56: 4. Underwood's shortcut method to calculate Rm
B58: Identify Tavg, | C58: Tavg = | D58: (Ttop + Tbottom) / 2
C59: Tavg = | D59: =('Distillation Column 1 '!N23+'Distillation Column 1 '!I62)/2 -> 210 | E59: °C = | F59: =D59+273.15 -> 483.15 | G59: K
B61: At Tavg, P | C61: = | D61: 1 | E61: atm
B62: Component | C62: Psat (mmhg) | D62: Psat (atm) | E62: Ki=Psat/ P | F62: αi=Ki/Kref | G62: xFi | H62: αi xFi | I62: xDi | J62: αi xDi
B63: EO | C63: =10^(Database!$C$56+Database!$D$56/F59+Database!$E$56*LOG10(F59)+Database!$F$56*F59+Database!$G$56*F59^2) -> 65667.015 | D63: =C63*0.00131579 -> 86.404002 | E63: =D63/$D$61 -> 86.404002 | F63: =E63/$E$65 -> 540.38385 | G63: =E9 -> 0.28358209 | H63: =G63*F63 -> 153.24318 | I63: =H9 -> 0.32629229 | J63: =I63*F63 -> 176.32308
B64: MEA (LK) | C64: =10^(Database!$C$57+Database!$D$57/F59+Database!$E$57*LOG10(F59)+Database!$F$57*F59+Database!$G$57*F59^2) -> 2305.236 | D64: =C64*0.00131579 -> 3.0332064 | E64: =D64/$D$61 -> 3.0332064 | F64: =E64/$E$65 -> 18.970137 | G64: 0.597 | H64: =G64*F64 -> 11.325172 | I64: 0.6732 | J64: =I64*F64 -> 12.770696
B65: DEA (HK) | C65: =10^(Database!$C$58+Database!$D$58/F59+Database!$E$58*LOG10(F59)+Database!$F$58*F59+Database!$G$58*F59^2) -> 121.5192 | D65: =C65*0.00131579 -> 0.15989375 | E65: =D65/$D$61 -> 0.15989375 | F65: =E65/$E$65 -> 1 | G65: 0.0448 | H65: =G65*F65 -> 0.0448 | I65: 0.0005 | J65: =I65*F65 -> 0.0005
B66: TEA | C66: =10^(Database!$C$59+Database!$D$59/F59+Database!$E$59*LOG10(F59)+Database!$F$59*F59+Database!$G$59*F59^2) -> 12.878447 | D66: =C66*0.00131579 -> 0.016945332 | E66: =D66/$D$61 -> 0.016945332 | F66: =E66/$E$65 -> 0.1059787 | G66: 0.0746 | H66: =G66*F66 -> 0.0079060111 | I66: 0 | J66: =I66*F66 -> 0
B68: 1 - q = | C68: =1-D54 -> -0.14349619
B70: θ (Assume) | C70: 1st term | D70: 2nd term | E70: 3rd term | F70: 4th term | G70: q-1 | H70: Summation
B71: 2 | C71: =($F$63*$G$63)/($F$63-B71) -> 0.28463555 | D71: =($F$64*$G$64)/($F$64-B71) -> 0.66735889 | E71: =($F$65*$G$65)/($F$65-B71) -> -0.0448 | F71: =($F$66*$G$66)/($F$66-B71) -> -0.0041741933 | G71: =-$C$68 -> 0.14349619 | H71: =SUM(C71:G71) -> 1.0465164
B72: 1.5 | C72: =($F$63*$G$63)/($F$63-B72) -> 0.28437145 | D72: =($F$64*$G$64)/($F$64-B72) -> 0.6482589 | E72: =($F$65*$G$65)/($F$65-B72) -> -0.0896 | F72: =($F$66*$G$66)/($F$66-B72) -> -0.0056713704 | G72: =-$C$68 -> 0.14349619 | H72: =SUM(C72:G72) -> 0.98085517
B73: 1.2 | C73: =($F$63*$G$63)/($F$63-B73) -> 0.28421323 | D73: =($F$64*$G$64)/($F$64-B73) -> 0.63731483 | E73: =($F$65*$G$65)/($F$65-B73) -> -0.224 | F73: =($F$66*$G$66)/($F$66-B73) -> -0.0072265605 | G73: =-$C$68 -> 0.14349619 | H73: =SUM(C73:G73) -> 0.83379768
B74: 1.04263 | C74: =($F$63*$G$63)/($F$63-B74) -> 0.2841303 | D74: =($F$64*$G$64)/($F$64-B74) -> 0.63172039 | E74: =($F$65*$G$65)/($F$65-B74) -> -1.0509031 | F74: =($F$66*$G$66)/($F$66-B74) -> -0.0084407197 | G74: =-$C$68 -> 0.14349619 | H74: =SUM(C74:G74) -> 3.0390517e-06
B76: θ | C76: = | D76: =B74 -> 1.04263
B83: Rm + 1 = | C83: =(J63)/(F63-D76)+(J64)/(F64-D76)+(J65)/(F65-D76)+(J66)/(F66-D76) -> 1.0275463
B84: Rm = | C84: =C83-1 -> 0.027546276
B86: Since Rm value is too small,
B87: Rm, assumed = | C87: 0.25
B89: 5. Calculate Nmin
B91: At Ttop | C91: = | D91: 170 | E91: °C = | F91: 443.15 | G91: K
B92: P | C92: = | D92: ='Distillation Column 1 '!N24 -> 1 | E92: atm
B93: Component | C93: Psat (mmhg) | D93: Psat (atm) | E93: Ki=Psat/ P | F93: αi=Ki/Kref | G93: yD=xD
B94: EO | C94: =10^(Database!$C$56+Database!$D$56/$F$91+Database!$E$56*LOG10($F$91)+Database!$F$56*$F$91+Database!$G$56*$F$91^2) -> 36896.057 | D94: =C94*0.00131579 -> 48.547463 | E94: =D94/$D$92 -> 48.547463 | F94: =E94/$E$96 -> 1512.3151 | G94: =H9 -> 0.32629229
B95: MEA (LK) | C95: =10^(Database!$C$57+Database!$D$57/$F$91+Database!$E$57*LOG10($F$91)+Database!$F$57*$F$91+Database!$G$57*$F$91^2) -> 739.21426 | D95: =C95*0.00131579 -> 0.97265072 | E95: =D95/$D$92 -> 0.97265072 | F95: =E95/$E$96 -> 30.299304 | G95: =H10 -> 0.67319251
B96: DEA (HK) | C96: =10^(Database!$C$58+Database!$D$58/$F$91+Database!$E$58*LOG10($F$91)+Database!$F$58*$F$91+Database!$G$58*$F$91^2) -> 24.39707 | D96: =C96*0.00131579 -> 0.032101421 | E96: =D96/$D$92 -> 0.032101421 | F96: =E96/$E$96 -> 1 | G96: =H11 -> 0.00051519835
B97: TEA | C97: =10^(Database!$C$59+Database!$D$59/$F$91+Database!$E$59*LOG10($F$91)+Database!$F$59*$F$91+Database!$G$59*$F$91^2) -> 1.9227373 | D97: =C97*0.00131579 -> 0.0025299186 | E97: =D97/$D$92 -> 0.0025299186 | F97: =E97/$E$96 -> 0.078810174 | G97: =H12 -> 0
B99: At Tbottom | C99: = | D99: 250 | E99: °C = | F99: 523.15 | G99: K
B100: Component | C100: Psat (mmhg) | D100: Psat (atm) | E100: Ki=Psat/ P | F100: αi=Ki/Kref | G100: xW
B101: EO | C101: =10^(Database!$C$56+Database!$D$56/$F$99+Database!$E$56*LOG10($F$99)+Database!$F$56*$F$99+Database!$G$56*$F$99^2) -> 109067.35 | D101: =C101*0.00131579 -> 143.50973 | E101: =D101/$D$92 -> 143.50973 | F101: =E101/$E$103 -> 244.12552 | G101: =K9 -> 0
B102: MEA (LK) | C102: =10^(Database!$C$57+Database!$D$57/$F$99+Database!$E$57*LOG10($F$99)+Database!$F$57*$F$99+Database!$G$57*$F$99^2) -> 5941.1132 | D102: =C102*0.00131579 -> 7.8172574 | E102: =D102/$D$92 -> 7.8172574 | F102: =E102/$E$103 -> 13.297998 | G102: =K10 -> 0.091220068
B103: DEA (HK) | C103: =10^(Database!$C$58+Database!$D$58/$F$99+Database!$E$58*LOG10($F$99)+Database!$F$58*$F$99+Database!$G$58*$F$99^2) -> 446.7675 | D103: =C103*0.00131579 -> 0.58785222 | E103: =D103/$D$92 -> 0.58785222 | F103: =E103/$E$103 -> 1 | G103: =K11 -> 0.3386545
B104: TEA | C104: =10^(Database!$C$59+Database!$D$59/$F$99+Database!$E$59*LOG10($F$99)+Database!$F$59*$F$99+Database!$G$59*$F$99^2) -> 59.502647 | D104: =C104*0.00131579 -> 0.078292988 | E104: =D104/$D$92 -> 0.078292988 | F104: =E104/$E$103 -> 0.13318481 | G104: =K12 -> 0.57012543
B106: αLav = | C106: =SQRT(F95*F102) -> 20.072869
B108: Nmin = | C108: =LOG10(G95/G96*G103/G102)/LOG(C106) -> 2.8295751
B112: 6. Estimate N value
B114: Assume R = 1.5 Rm
B115: R = | C115: =1.5*C87 -> 0.375
B117: R/(R+1) = | C117: =C115/(C115+1) -> 0.27272727
B118: Rm/(Rm+1) = | C118: =C87/(C87+1) -> 0.2
B137: From the Colleration of Erbar & Maddox,
B138: Nmin/N= | C138: 0.4
B139: N | C139: = | D139: =C108/C138 -> 7.0739377 | E139: theoretical stages
B140: N | C140: = | D140: =D139-1 -> 6.0739377 | E140: trays + | F140: 1 reboiler

Sheet Diameter of DC1
B2: GAS DENSITY | C2: Component | D2: Molar mass(kg/kmol) | E2: Feed | H2: Distillate | K2: Bottom
E3: xF | F3: (kmol/hr) | G3: (kg/hr) | H3: xD=yD | I3: (kmol/hr) | J3: (kg/hr) | K3: xW | L3: (kmol/hr) | M3: (kg/hr)
C4: EO | D4: ='Distillation Column 1 '!R8 -> 44.053 | E4: ='Distillation Column 1 '!G24 -> 0.28358209 | F4: ='Distillation Column 1 '!G17 -> 68.071127 | G4: =F4*D4 -> 2998.7374 | H4: ='Distillation Column 1 '!N16 -> 0.32629229 | I4: ='Distillation Column 1 '!N9 -> 68.071127 | J4: =I4*D4 -> 2998.7374 | K4: =0 -> 0 | L4: =0 -> 0 | M4: =L4*D4 -> 0
B5: (L) | C5: MEA | D5: ='Distillation Column 1 '!R9 -> 61.083 | E5: ='Distillation Column 1 '!G25 -> 0.59701493 | F5: ='Distillation Column 1 '!G18 -> 143.30764 | G5: =F5*D5 -> 8753.6604 | H5: ='Distillation Column 1 '!N17 -> 0.67319251 | I5: ='Distillation Column 1 '!N10 -> 140.44148 | J5: =I5*D5 -> 8578.5872 | K5: ='Distillation Column 1 '!I56 -> 0.091220068 | L5: ='Distillation Column 1 '!I49 -> 2.8661527 | M5: =L5*D5 -> 175.07321
B6: (K) | C6: DEA | D6: ='Distillation Column 1 '!R10 -> 105.136 | E6: ='Distillation Column 1 '!G26 -> 0.044776119 | F6: ='Distillation Column 1 '!G19 -> 10.748073 | G6: =F6*D6 -> 1130.0094 | H6: ='Distillation Column 1 '!N18 -> 0.00051519835 | I6: ='Distillation Column 1 '!N11 -> 0.10748073 | J6: =I6*D6 -> 11.300094 | K6: ='Distillation Column 1 '!I57 -> 0.3386545 | L6: ='Distillation Column 1 '!I50 -> 10.640592 | M6: =L6*D6 -> 1118.7093
C7: TEA | D7: ='Distillation Column 1 '!R11 -> 149.188 | E7: ='Distillation Column 1 '!G27 -> 0.074626866 | F7: ='Distillation Column 1 '!G20 -> 17.913455 | G7: =F7*D7 -> 2672.4725 | H7: =0 -> 0 | I7: =0 -> 0 | J7: =I7*D7 -> 0 | K7: ='Distillation Column 1 '!I58 -> 0.57012543 | L7: ='Distillation Column 1 '!I51 -> 17.913455 | M7: =L7*D7 -> 2672.4725
C8: Total | E8: =SUM(E4:E7) -> 1 | F8: =SUM(F4:F7) -> 240.04029 | G8: =SUM(G4:G7) -> 15554.88 | H8: =SUM(H4:H7) -> 1 | I8: =SUM(I4:I7) -> 208.62009 | J8: =SUM(J4:J7) -> 11588.625 | K8: =SUM(K4:K7) -> 1 | L8: =SUM(L4:L7) -> 31.420199 | M8: =SUM(M4:M7) -> 3966.2549
C10: TD | D10: = | E10: 443.15 | F10: K
C11: Tbottom | D11: = | E11: 523.15 | F11: K
C12: Tavg= | E12: =(E10+E11)/2 -> 483.15 | F12: K
C13: R | D13: = | E13: 8.314 | F13: m3.kPa/kmol.K
C14: P | D14: = | E14: ='Distillation Column 1 '!I63*101.325 -> 101.325 | F14: kPa
B16: LIQ DENSITY | C16: Component | D16: Density (kg/m^3) | E16: Volumetric Flow Rate (m^3/hr)
C17: EO | D17: - | E17: -
B18: (L) | C18: MEA | D18: =Database!C67*Database!D67^(-((1-('Distillation Column 1 '!I62+273.15)/Database!F67)^Database!E67))*1000 -> 782.58923 | E18: =M5/D18 -> 0.22371022
B19: (H) | C19: DEA | D19: =Database!C68*Database!D68^(-((1-('Distillation Column 1 '!I62+273.15)/Database!F68)^Database!E68))*1000 -> 917.51623 | E19: =M6/D19 -> 1.2192801
C20: TEA | D20: =Database!C69*Database!D69^(-((1-('Distillation Column 1 '!I62+273.15)/Database!F69)^Database!E69))*1000 -> 965.12747 | E20: =M7/D20 -> 2.7690358
C21: Total | E21: =SUM(E17:E20) -> 4.2120261
B22: LIQ
C23: ρL | D23: = | E23: Total mass flowrate at W
E24: Total volumetric flowrate at W
C25: ρL | D25: = | E25: =M8/E21 -> 941.65014 | F25: kg/m3
C27: Determine vapor density | G27: yi = | H27: Mole fraction of distillate
G28: P = | H28: Pressure of distillate
G29: MWi = | H29: Molecular weight of components
G30: R = | H30: Gas constant
G31: T = | H31: Temperature of distillate
C33: ρV | D33: = | E33: =(E14/(E13*E10))*(H4*D4+H5*D5+H6*D6+H7*D7) -> 1.5276772 | F33: kg/m3
C35: Calculate Kv
C36: L= | D36: =M8 -> 3966.2549 | E36: kg/hr
C37: V= | D37: =J8 -> 11588.625 | E37: kg/hr
E40: = | F40: =D36/D37*(E33/E25)^0.5 -> 0.013785412
C44: From the graph, by assuming 24 in. plate spacing,
C66: Kv | D66: = | E66: 0.395 | F66: ft/s
C69: Find average surface tension, σavg in order to caluclate vMax and vDesign
C77: Component | D77: xW | E77: Surface Tension, σ (dyne/cm) | G77: Tf (K)
C78: EO | D78: =K4 -> 0 | E78: =Database!C86*(1-$G$78/Database!D86)^Database!E86 -> 25.993706 | G78: ='Distillation Column 1 '!G31+273.15 -> 283.15
B79: (L) | C79: MEA | D79: =K5 -> 0.091220068 | E79: =Database!C87*(1-$G$78/Database!D87)^Database!E87 -> 52.795535
B80: (H) | C80: DEA | D80: =K6 -> 0.3386545 | E80: =Database!C88*(1-$G$78/Database!D88)^Database!E88 -> 48.818446
C81: TEA | D81: =K7 -> 0.57012543 | E81: =Database!C89*(1-$G$78/Database!D89)^Database!E89 -> 46.513133
C83: σavg= | D83: =D78*E78+D79*E79+D80*E80+D81*E81 -> 47.866919
C85: Determine maximum allowable vapor velocity, vmax
C92: Vmax= | D92: =E66*(D83/20)^0.2*SQRT((E25-E33)/E33) -> 11.667414 | E92: ft/s
D93: =D92/3.281 -> 3.5560542 | E93: m/s
C96: Assumption: | D96: a) Downpour area of 9% of the tray
D97: b) 95 % for foaming
D98: c) 80 % for flooding
C100: Vdesign | D100: = | E100: Vmax(0.91)(0.95)(0.8)
D101: = | E101: =D93*0.91*0.95*0.8 -> 2.4593671 | F101: m/s
C107: A | D107: = | E107: =D37/(3600*E33*E101) -> 0.85679009 | F107: m2
C109: Determine the diameter of the tower, D
C116: D | D116: = | E116: =SQRT(4*E107/PI()) -> 1.0444611 | F116: m

Sheet Height of DC1
C5: Component | D5: xF | E5: Viscosity | F5: αi xFi
C6: EO | D6: ='Distillation Column 1 '!G24 -> 0.28358209 | E6: =10^(Database!C76+Database!D76/$I$6+Database!E76*$I$6+Database!F76*$I$6^2) -> 0.043989269 | F6: ='No. stages of DC1'!H63 -> 153.24318 | H6: Tavg= | I6: ='No. stages of DC1'!F59 -> 483.15 | J6: K
C7: MEA (LK) | D7: ='Distillation Column 1 '!G25 -> 0.59701493 | E7: =10^(Database!C77+Database!D77/$I$6+Database!E77*$I$6+Database!F77*$I$6^2) -> 0.30003781 | F7: ='No. stages of DC1'!H64 -> 11.325172
C8: DEA (HK) | D8: ='Distillation Column 1 '!G26 -> 0.044776119 | E8: =10^(Database!C78+Database!D78/$I$6+Database!E78*$I$6+Database!F78*$I$6^2) -> 0.46094898 | F8: ='No. stages of DC1'!H65 -> 0.0448
C9: TEA | D9: ='Distillation Column 1 '!G27 -> 0.074626866 | E9: =10^(Database!C79+Database!D79/$I$6+Database!E79*$I$6+Database!F79*$I$6^2) -> 0.74922015 | F9: ='No. stages of DC1'!H66 -> 0.0079060111
C11: μave | D11: = | E11: ΣxiFμi
D12: = | E12: =E6*D6+E7*D7+E8*D8+E9*D9 -> 0.26815308 | F12: cp
C15: To find αave by using data in No. of trays
C16: αave | D16: = | E16: ΣxiFαi
D17: = | E17: =SUM(F6:F9) -> 164.62106
C19: By referring to Lockett (1986),
C25: Eo= | D25: =0.492*((E12*E17)^(-0.245)) -> 0.19452365
C27: Tray spacing | D27: = | E27: 24 | F27: in
D28: = | E28: =E27/39.37 -> 0.60960122 | F28: m
C30: HETP | D30: = | E30: T/Eo
D31: = | E31: 3.1338 | F31: m
C33: Height of the column
C34: H | D34: = | E34: n(HETP)
C35: H | D35: = | E35: ='No. stages of DC1'!D140*E31 -> 19.034506 | F35: m

Sheet Diameter of DC3
B2: Assumption:
B3: 1. 80% of flooding velocity
B4: 2. Assuming ideal gas behaviour at the distillate
C5: Tbottom | D5: = | E5: ='Distillation Column 3'!L27+273.15 -> 463.15 | F5: K
C6: Components | D6: Molecular Weight (kg/kmol) | E6: Feed (F) | H6: Distillate (D) | K6: Bottoms (W)
E7: xF | F7: (kmol/hr) | G7: (kg/hr) | H7: xD | I7: (kmol/hr) | J7: (kg/hr) | K7: xW | L7: (kmol/hr) | M7: (kg/hr) | N7: Density (kg/m3) | O7: Volumetric Flow Rate (m3/hr)
C8: EO | D8: ='Distillation Column 3'!$T$7 -> 44.053 | E8: ='Distillation Column 3'!$E$28 -> 0.0029931866 | F8: ='Distillation Column 3'!$E$21 -> 1.3614225 | G8: =D8*F8 -> 59.974747 | H8: ='Distillation Column 3'!$H$60 -> 0.009696846 | I8: ='Distillation Column 3'!$H$53 -> 1.3614225 | J8: =D8*I8 -> 59.974747 | K8: 0 | L8: =0 -> 0 | M8: 0 | N8: =Database!C66*Database!D66^(-((1-('Distillation Column 3'!L27+273.15)/Database!F66)^Database!E66))*1000 -> 464.78355 | O8: =M8/N8 -> 0
B9: (L) | C9: MEA | D9: ='Distillation Column 3'!$T$8 -> 61.083 | E9: ='Distillation Column 3'!$E$29 -> 0.30877082 | F9: ='Distillation Column 3'!$E$22 -> 140.44148 | G9: =D9*F9 -> 8578.5872 | H9: ='Distillation Column 3'!$H$61 -> 0.99030315 | I9: ='Distillation Column 3'!$H$54 -> 139.03707 | J9: =D9*I9 -> 8492.8013 | K9: ='Distillation Column 3'!$L$21 -> 0.0044663712 | L9: ='Distillation Column 3'!$L$14 -> 1.4044148 | M9: =L9*D9 -> 85.785872 | N9: =Database!C67*Database!D67^(-((1-('Distillation Column 3'!$L$27+273.15)/Database!F67)^Database!E67))*1000 -> 859.34871 | O9: =M9/N9 -> 0.099826613
B10: (H) | C10: EG | D10: ='Distillation Column 3'!$T$11 -> 62.07 | E10: ='Distillation Column 3'!$E$32 -> 0.68799968 | F10: ='Distillation Column 3'!$E$25 -> 312.93014 | G10: =D10*F10 -> 19423.574 | H10: =0 -> 0 | I10: =0 -> 0 | J10: =D10*I10 -> 0 | K10: ='Distillation Column 3'!$L$24 -> 0.99519181 | L10: ='Distillation Column 3'!$L$17 -> 312.93014 | M10: =L10*D10 -> 19423.574 | N10: =Database!C70*Database!D70^(-((1-('Distillation Column 3'!$L$27+273.15)/Database!F70)^Database!E70))*1000 -> 975.58711 | O10: =M10/N10 -> 19.909625
C11: DEA | D11: ='Distillation Column 3'!$T$9 -> 105.136 | E11: ='Distillation Column 3'!$E$30 -> 0.0002363042 | F11: ='Distillation Column 3'!$E$23 -> 0.10748073 | G11: =D11*F11 -> 11.300094 | H11: =0 -> 0 | I11: =0 -> 0 | J11: =D11*I11 -> 0 | K11: ='Distillation Column 3'!$L$22 -> 0.00034181412 | L11: ='Distillation Column 3'!$L$15 -> 0.10748073 | M11: =L11*D11 -> 11.300094 | N11: =Database!C68*Database!D68^(-((1-('Distillation Column 3'!$L$27+273.15)/Database!F68)^Database!E68))*1000 -> 973.12323 | O11: =M11/N11 -> 0.011612192
C12: Total | E12: =SUM(E8:E11) -> 1 | F12: =SUM(F8:F11) -> 454.84052 | G12: =SUM(G8:G11) -> 28073.436 | H12: =SUM(H8:H11) -> 1 | I12: =SUM(I8:I11) -> 140.39849 | J12: =SUM(J8:J11) -> 8552.776 | K12: =SUM(K8:K11) -> 1 | L12: =SUM(L8:L11) -> 314.44203 | M12: =SUM(M8:M11) -> 19520.66 | O12: =SUM(O8:O11) -> 20.021064
C14: For liquid density,
C15: ρL | D15: = | E15: =M12/O12 -> 975.00611 | F15: kg/m3
C16: ρL | D16: = | E16: =E15*0.062427960576145 -> 60.867643 | F16: lbm/ft^3
C18: For vapour density,
C19: P | D19: = | E19: ='Distillation Column 3'!H68*101.325 -> 101.325 | F19: kPa
C20: R | D20: = | E20: 8.314 | F20: m3.kPa/kmol.K
C21: TD | D21: = | E21: ='Distillation Column 3'!H67+273.15 -> 438.15 | F21: K
C22: ρG | D22: = | E22: =(E19/(E20*E21))*(H8*D8+H9*D9) -> 1.6944487 | F22: kg/m3
C23: ρG | D23: = | E23: =E22*0.062427960576145 -> 0.10578098 | F23: lbm/ft^3
C25: To find the kinematic viscosity at bottom,
C26: Components | D26: Viscosity, μ (cp)
C27: EO | D27: =10^(Database!C76+Database!D76/$E$5+Database!E76*$E$5+Database!F76*$E$5^2) -> 0.057261814
C28: MEA | D28: =10^(Database!C77+Database!D77/$E$5+Database!E77*$E$5+Database!F77*$E$5^2) -> 0.38508426
C29: EG | D29: =10^(Database!C80+Database!D80/$E$5+Database!E80*$E$5+Database!F80*$E$5^2) -> 0.53722007
C30: DEA | D30: =10^(Database!C78+Database!D78/$E$5+Database!E78*$E$5+Database!F78*$E$5^2) -> 0.63547918
C33: μ | D33: = | E33: =(D27*K8)/(N8/1000)+(D28*K9)/(N9/1000)+(D29*K10)/(N10/1000)+(D30*K11)/(N11/1000) -> 0.55024031 | F33: cs
C35: From Table 10.6-1, using CY Wire Mesh structured packing,
C36: Fp | D36: = | E36: 70 | F36: ft^(-1)
C37: Since Fp >60,
C38: ∆Pflood | D38: = | E38: 2 | F38: in.H2O/ft
C39: For flow parameter,
C40: (GL/GG)(ρG/ρL)^0.5 | D40: = | E40: =(M12/J12)*(E22/E15)^0.5 -> 0.095147622
C60: From Figure 10.6-6,
C61: vG[ρG/(ρL-ρG)]^0.5Fp^0.5v^0.05 | E61: = | F61: 1.45
D62: vG | E62: = | F62: =F61/((E23/(E16-E23))^0.5*(E36)^0.5*(E33)^0.05) -> 4.2795993 | G62: ft/s
C63: At 80% flooding,
D64: GG | E64: = | F64: =0.8*F62*E23 -> 0.36216016 | G64: lbm/s.ft^2
D65: GG | E65: = | F65: =F64/(2.20462*0.3048^2) -> 1.7682229 | G65: kg/s.m^2
D68: D | E68: = | F68: =SQRT(4*G12/(3600*F65*PI())) -> 2.3696439 | G68: m

Sheet Height of DC3
C2: Components | D2: Feed (F) | F2: Distillate (D) | H2: Bottoms (W)
D3: xF | E3: (kmol/hr) | F3: xD | G3: (kmol/hr) | H3: xW | I3: (kmol/hr)
C4: EO | D4: ='Distillation Column 3'!$E$28 -> 0.0029931866 | E4: ='Distillation Column 3'!$E$21 -> 1.3614225 | F4: ='Distillation Column 3'!$H$60 -> 0.009696846 | G4: ='Distillation Column 3'!$H$53 -> 1.3614225 | H4: 0 | I4: =0 -> 0
B5: (L) | C5: MEA | D5: ='Distillation Column 3'!$E$29 -> 0.30877082 | E5: ='Distillation Column 3'!$E$22 -> 140.44148 | F5: ='Distillation Column 3'!$H$61 -> 0.99030315 | G5: ='Distillation Column 3'!$H$54 -> 139.03707 | H5: ='Distillation Column 3'!$L$21 -> 0.0044663712 | I5: ='Distillation Column 3'!$L$14 -> 1.4044148
B6: (H) | C6: EG | D6: ='Distillation Column 3'!$E$32 -> 0.68799968 | E6: ='Distillation Column 3'!$E$25 -> 312.93014 | F6: =0 -> 0 | G6: =0 -> 0 | H6: ='Distillation Column 3'!$L$24 -> 0.99519181 | I6: ='Distillation Column 3'!$L$17 -> 312.93014
C7: DEA | D7: ='Distillation Column 3'!$E$30 -> 0.0002363042 | E7: ='Distillation Column 3'!$E$23 -> 0.10748073 | F7: =0 -> 0 | G7: =0 -> 0 | H7: ='Distillation Column 3'!$L$22 -> 0.00034181412 | I7: ='Distillation Column 3'!$L$15 -> 0.10748073
C8: Total | D8: =SUM(D4:D7) -> 1 | E8: =SUM(E4:E7) -> 454.84052 | F8: =SUM(F4:F7) -> 1 | G8: =SUM(G4:G7) -> 140.39849 | H8: =SUM(H4:H7) -> 1 | I8: =SUM(I4:I7) -> 314.44203
C10: To find the boiling point of the feed (Tbp),
C11: T (℃) | D11: T (K) | E11: Psat,EO (mmHg) | F11: Psat,MEA (mmHg) | G11: Psat,EG (mmHg) | H11: Psat,DEA (mmHg) | I11: Ptotal (mmHg) | J11: Ptotal (atm)
C12: 190 | D12: =C12+273.15 -> 463.15 | E12: =10^(Database!$C$56+Database!$D$56/D12+Database!$E$56*LOG10(D12)+Database!$F$56*D12+Database!$G$56*D12^2) -> 49728.807 | F12: =10^(Database!$C$57+Database!$D$57/D12+Database!$E$57*LOG10(D12)+Database!$F$57*D12+Database!$G$57*D12^2) -> 1343.0836 | G12: =10^(Database!$C$60+Database!$D$60/D12+Database!$E$60*LOG10(D12)+Database!$F$60*D12+Database!$G$60*D12^2) -> 603.5604 | H12: =10^(Database!$C$58+Database!$D$58/D12+Database!$E$58*LOG10(D12)+Database!$F$58*D12+Database!$G$58*D12^2) -> 56.921354 | I12: =E12*$D$4+F12*$D$5+H12*$D$7+G12*$D$6 -> 978.81545 | J12: =I12/760 -> 1.2879151
C13: 180 | D13: =C13+273.15 -> 453.15 | E13: =10^(Database!$C$56+Database!$D$56/D13+Database!$E$56*LOG10(D13)+Database!$F$56*D13+Database!$G$56*D13^2) -> 42954.33 | F13: =10^(Database!$C$57+Database!$D$57/D13+Database!$E$57*LOG10(D13)+Database!$F$57*D13+Database!$G$57*D13^2) -> 1004.2005 | G13: =10^(Database!$C$60+Database!$D$60/D13+Database!$E$60*LOG10(D13)+Database!$F$60*D13+Database!$G$60*D13^2) -> 435.7586 | H13: =10^(Database!$C$58+Database!$D$58/D13+Database!$E$58*LOG10(D13)+Database!$F$58*D13+Database!$G$58*D13^2) -> 37.717069 | I13: =E13*$D$4+F13*$D$5+H13*$D$7+G13*$D$6 -> 738.44884 | J13: =I13/760 -> 0.97164322
C14: 185 | D14: =C14+273.15 -> 458.15 | E14: =10^(Database!$C$56+Database!$D$56/D14+Database!$E$56*LOG10(D14)+Database!$F$56*D14+Database!$G$56*D14^2) -> 46248.453 | F14: =10^(Database!$C$57+Database!$D$57/D14+Database!$E$57*LOG10(D14)+Database!$F$57*D14+Database!$G$57*D14^2) -> 1163.5065 | G14: =10^(Database!$C$60+Database!$D$60/D14+Database!$E$60*LOG10(D14)+Database!$F$60*D14+Database!$G$60*D14^2) -> 513.75626 | H14: =10^(Database!$C$58+Database!$D$58/D14+Database!$E$58*LOG10(D14)+Database!$F$58*D14+Database!$G$58*D14^2) -> 46.468647 | I14: =E14*$D$4+F14*$D$5+H14*$D$7+G14*$D$6 -> 851.16223 | J14: =I14/760 -> 1.1199503
C15: 181.007 | D15: =C15+273.15 -> 454.157 | E15: =10^(Database!$C$56+Database!$D$56/D15+Database!$E$56*LOG10(D15)+Database!$F$56*D15+Database!$G$56*D15^2) -> 43603.143 | F15: =10^(Database!$C$57+Database!$D$57/D15+Database!$E$57*LOG10(D15)+Database!$F$57*D15+Database!$G$57*D15^2) -> 1034.7444 | G15: =10^(Database!$C$60+Database!$D$60/D15+Database!$E$60*LOG10(D15)+Database!$F$60*D15+Database!$G$60*D15^2) -> 450.5849 | H15: =10^(Database!$C$58+Database!$D$58/D15+Database!$E$58*LOG10(D15)+Database!$F$58*D15+Database!$G$58*D15^2) -> 39.354639 | I15: =E15*$D$4+F15*$D$5+H15*$D$7+G15*$D$6 -> 760.0228 | J15: =I15/760 -> 1.00003
C16: Tbp | D16: = | E16: =D15 -> 454.157 | F16: K
C18: Components | D18: Enthalpy of Vaporization,∆Ĥv (kJ/mol) | F18: Enthalpy of Feed, ∆ĤF (kJ/ mol)
C19: EO | D19: =Database!I21 -> 25.7 | F19: =(Database!$C$44*(($E$16)-('Distillation Column 3'!$E$35+273.15))+((Database!$D$44*(($E$16)^2-('Distillation Column 3'!$E$35+273.15)^2))/2)+((Database!$E$44*(($E$16)^3-('Distillation Column 3'!$E$35+273.15)^3))/3)+((Database!$F$44*(($E$16)^4-('Distillation Column 3'!$E$35+273.15)^4))/4))/1000 -> 18.635521
B20: (L) | C20: MEA | D20: =Database!I22 -> 51.53 | F20: =(Database!$C$45*(($E$16)-('Distillation Column 3'!$E$35+273.15))+((Database!$D$45*(($E$16)^2-('Distillation Column 3'!$E$35+273.15)^2))/2)+((Database!$E$45*(($E$16)^3-('Distillation Column 3'!$E$35+273.15)^3))/3)+((Database!$F$45*(($E$16)^4-('Distillation Column 3'!$E$35+273.15)^4))/4))/1000 -> 36.023488
B21: (H) | C21: EG | D21: =Database!I25 -> 56.9 | F21: =(Database!$C$48*(($E$16)-('Distillation Column 3'!$E$35+273.15))+((Database!$D$48*(($E$16)^2-('Distillation Column 3'!$E$35+273.15)^2))/2)+((Database!$E$48*(($E$16)^3-('Distillation Column 3'!$E$35+273.15)^3))/3)+((Database!$F$48*(($E$16)^4-('Distillation Column 3'!$E$35+273.15)^4))/4))/1000 -> 30.365434
C22: DEA | D22: =Database!I23 -> 64.46 | F22: =(Database!$C$46*(($E$16)-('Distillation Column 3'!$E$35+273.15))+((Database!$D$46*(($E$16)^2-('Distillation Column 3'!$E$35+273.15)^2))/2)+((Database!$E$46*(($E$16)^3-('Distillation Column 3'!$E$35+273.15)^3))/3)+((Database!$F$46*(($E$16)^4-('Distillation Column 3'!$E$35+273.15)^4))/4))/1000 -> 43.771815
D23: ∆Ĥv,avg = | E23: =D19*$D$4+D20*$D$5+D22*$D$7+D21*$D$6 -> 55.1503 | F23: ∆ĤF,avg = | G23: =F19*$D$4+F20*$D$5+F22*$D$7+F21*$D$6 -> 32.080534
C26: To find the condition of feed, q,
C28: q | D28: = | E28: =(E23+G23)/E23 -> 1.5816928
C30: Tavg (K) | D30: = | E30: (TD+TW)/2
C31: Tavg (K) | D31: = | E31: =('Distillation Column 3'!L27+'Distillation Column 3'!H67)/2+273.15 -> 450.65 | F31: K | G31: TD (K) | H31: = | I31: ='Distillation Column 3'!H67+273.15 -> 438.15 | J31: K | K31: TW (K) | L31: = | M31: ='Distillation Column 3'!L27+273.15 -> 463.15 | N31: K
C33: At average outlet temperature, | G33: At distillate temperature, | K33: At bottom temperature,
C34: Psat,EO (mmHg) | D34: = | E34: =10^(Database!$C$56+Database!$D$56/E31+Database!$E$56*LOG10(E31)+Database!$F$56*E31+Database!$G$56*E31^2) -> 41374.831 | G34: Psat,EO (mmHg) | H34: = | I34: =10^(Database!$C$56+Database!$D$56/I31+Database!$E$56*LOG10(I31)+Database!$F$56*I31+Database!$G$56*I31^2) -> 34118.163 | K34: Psat,EO (mmHg) | L34: = | M34: =10^(Database!$C$56+Database!$D$56/M31+Database!$E$56*LOG10(M31)+Database!$F$56*M31+Database!$G$56*M31^2) -> 49728.807
C35: Psat,MEA (mmHg) | D35: = | E35: =10^(Database!$C$57+Database!$D$57/E31+Database!$E$57*LOG10(E31)+Database!$F$57*E31+Database!$G$57*E31^2) -> 931.57347 | G35: Psat,MEA (mmHg) | H35: = | I35: =10^(Database!$C$57+Database!$D$57/I31+Database!$E$57*LOG10(I31)+Database!$F$57*I31+Database!$G$57*I31^2) -> 630.23632 | K35: Psat,MEA (mmHg) | L35: = | M35: =10^(Database!$C$57+Database!$D$57/M31+Database!$E$57*LOG10(M31)+Database!$F$57*M31+Database!$G$57*M31^2) -> 1343.0836
C36: Psat,EG (mmHg) | D36: = | E36: =10^(Database!$C$60+Database!$D$60/E31+Database!$E$60*LOG10(E31)+Database!$F$60*E31+Database!$G$60*E31^2) -> 400.76041 | G36: Psat,EG (mmHg) | H36: = | I36: =10^(Database!$C$60+Database!$D$60/I31+Database!$E$60*LOG10(I31)+Database!$F$60*I31+Database!$G$60*I31^2) -> 259.77311 | K36: Psat,EG (mmHg) | L36: = | M36: =10^(Database!$C$60+Database!$D$60/M31+Database!$E$60*LOG10(M31)+Database!$F$60*M31+Database!$G$60*M31^2) -> 603.5604
C37: Psat,DEA (mmHg) | D37: = | E37: =10^(Database!$C$58+Database!$D$58/E31+Database!$E$58*LOG10(E31)+Database!$F$58*E31+Database!$G$58*E31^2) -> 33.904193 | G37: Psat,DEA (mmHg) | H37: = | I37: =10^(Database!$C$58+Database!$D$58/I31+Database!$E$58*LOG10(I31)+Database!$F$58*I31+Database!$G$58*I31^2) -> 19.432472 | K37: Psat,DEA (mmHg) | L37: = | M37: =10^(Database!$C$58+Database!$D$58/M31+Database!$E$58*LOG10(M31)+Database!$F$58*M31+Database!$G$58*M31^2) -> 56.921354
C38: Ptotal (mmHg) | D38: = | E38: ='Distillation Column 3'!E36*760 -> 760 | G38: Ptotal (mmHg) | H38: = | I38: ='Distillation Column 3'!H68*760 -> 760 | K38: Ptotal (mmHg) | L38: = | M38: ='Distillation Column 3'!L28*760 -> 760
D40: Tavg = 450.65K | G40: TD = 438.15K | J40: TW = 463.15K
C41: Components | D41: xiF | E41: KiF | F41: αiF | G41: xiD | H41: KiD | I41: αiD | J41: xiW | K41: KiW | L41: αiW
C42: EO | D42: =D4 -> 0.0029931866 | E42: =E34/$E$38 -> 54.440568 | F42: =E42/$E$44 -> 103.24081 | G42: =F4 -> 0.009696846 | H42: =I34/$I$38 -> 44.89232 | I42: =H42/$H$44 -> 131.33832 | J42: =H4 -> 0 | K42: =M34/$M$38 -> 65.432641 | L42: =K42/$K$44 -> 82.392428
C43: MEA | D43: =D5 -> 0.30877082 | E43: =E35/$E$38 -> 1.2257546 | F43: =E43/$E$44 -> 2.3245147 | G43: =F5 -> 0.99030315 | H43: =I35/$I$38 -> 0.82925832 | I43: =H43/$H$44 -> 2.426103 | J43: =H5 -> 0.0044663712 | K43: =M35/$M$38 -> 1.7672153 | L43: =K43/$K$44 -> 2.225268
C44: EG | D44: =D6 -> 0.68799968 | E44: =E36/$E$38 -> 0.52731633 | F44: =E44/$E$44 -> 1 | G44: =F6 -> 0 | H44: =I36/$I$38 -> 0.34180672 | I44: =H44/$H$44 -> 1 | J44: =H6 -> 0.99519181 | K44: =M36/$M$38 -> 0.79415842 | L44: =K44/$K$44 -> 1
C45: DEA | D45: =D7 -> 0.0002363042 | E45: =E37/$E$38 -> 0.04461078 | F45: =E45/$E$44 -> 0.084599656 | G45: =F7 -> 0 | H45: =I37/$I$38 -> 0.025569042 | I45: =H45/$H$44 -> 0.074805556 | J45: =H7 -> 0.00034181412 | K45: =M37/$M$38 -> 0.074896518 | L45: =K45/$K$44 -> 0.094309291
C47: θ (Assume) | D47: 1st term | E47: 2nd term | F47: 3rd term | G47: 4th term | H47: q-1 | I47: Summation
C48: 2 | D48: =($F$42*$D$42)/($F$42-C48) -> 0.0030523166 | E48: =($F$43*$D$43)/($F$43-C48) -> 2.2117405 | F48: =($F$45*$D$45)/($F$45-D48) -> 0.00024514907 | G48: =($F$44*$D$44)/($F$44-C48) -> -0.68799968 | H48: =$E$28-1 -> 0.58169284 | I48: =SUM(D48:H48) -> 2.1087311
C49: 1.5 | D49: =($F$42*$D$42)/($F$42-C49) -> 0.0030373161 | E49: =($F$43*$D$43)/($F$43-C49) -> 0.87050275 | F49: =($F$45*$D$45)/($F$45-D49) -> 0.00024510398 | G49: =($F$44*$D$44)/($F$44-C49) -> -1.3759994 | H49: =$E$28-1 -> 0.58169284 | I49: =SUM(D49:H49) -> 0.079478633
C50: 1.4 | D50: =($F$42*$D$42)/($F$42-C50) -> 0.0030343337 | E50: =($F$43*$D$43)/($F$43-C50) -> 0.77634494 | F50: =($F$45*$D$45)/($F$45-D50) -> 0.00024509502 | G50: =($F$44*$D$44)/($F$44-C50) -> -1.7199992 | H50: =$E$28-1 -> 0.58169284 | I50: =SUM(D50:H50) -> -0.358682
B51: (L) | C51: 1.47962 | D51: =($F$42*$D$42)/($F$42-C51) -> 0.0030367079 | E51: =($F$43*$D$43)/($F$43-C51) -> 0.84950505 | F51: =($F$45*$D$45)/($F$45-D51) -> 0.00024510215 | G51: =($F$44*$D$44)/($F$44-C51) -> -1.4344683 | H51: =$E$28-1 -> 0.58169284 | I51: =SUM(D51:H51) -> 1.1394645e-05
B52: (H)
C53: θ | D53: = | E53: =C51 -> 1.47962
C55: For Rmin,
C58: Rmin | D58: = | E58: =(F42*F4)/(F42-E53)+(F43*F5)/(F43-E53)+(F45*F7)/(F45-E53)+(F44*F6)/(F44-E53)-1 -> 1.7344072
C59: Rmin/Rmin+1 | D59: = | E59: =E58/(E58+1) -> 0.63429002
C61: Assuming R | D61: = | E61: 1.5 | F61: Rmin
C62: R | D62: = | E62: =E61*E58 -> 2.6016108
C63: R/R+1 | D63: = | E63: =E62/(E62+1) -> 0.72234646
C65: For minimum stages for total reflux, Nm,
C68: αL,av | D68: = | E68: =SQRT(I43*L43) -> 2.3235166
C69: Assume xHD = 0.0001
C70: Nm | D70: = | E70: =LOG10(G43/0.0001*J44/J43)/LOG10(E68) -> 17.325668
F72: From Erbar-Maddox correlation,
F73: Nm/N | G73: = | H73: 0.6
F74: N | G74: = | H74: =E70/H73 -> 28.876113 | I74: theoretical stages
F75: N | G75: = | H75: =H74-1 -> 27.876113 | I75: theoretical trays | J75: + | K75: 1 reboiler
C89: From Table 10.6-1, using CY Wire Mesh structured packing,
C90: a | D90: = | E90: 700
C91: HETP | D91: = | E91: 100/a+0.1
C92: HETP | D92: = | E92: =100/E90+0.1 -> 0.24285714
C93: H | D93: = | E93: N*HETP
C94: H | D94: = | E94: =H75*E92 -> 6.7699132 | F94: m
